Effective date ,S&P GSCI Agriculture TR,S&P GSCI Agriculture ER,S&P GSCI Agriculture,,,,,,
11/30/2009,613.75,59.67,351.94,,,,,,
12/1/2009,611.21,59.43,350.48,,,,,,
12/2/2009,605.53,58.87,347.22,,,,,,
12/3/2009,604.72,58.8,346.76,,,,,,
12/4/2009,592.46,57.6,339.73,,,,,,
12/7/2009,590.12,57.38,338.47,,,,,,
12/8/2009,585.51,56.93,335.92,,,,,,
12/9/2009,581.74,56.56,333.86,,,,,,
12/10/2009,589.95,57.36,338.67,,,,,,
12/11/2009,598.32,58.17,343.56,,,,,,
12/14/2009,610.63,59.37,350.62,,,,,,
12/15/2009,605.78,58.9,347.84,,,,,,
12/16/2009,614.18,59.71,352.66,,,,,,
12/17/2009,601.66,58.5,345.47,,,,,,
12/18/2009,602.02,58.53,345.68,,,,,,
12/21/2009,595.95,57.94,342.2,,,,,,
12/22/2009,597.97,58.14,343.35,,,,,,
12/23/2009,602.86,58.61,346.16,,,,,,
12/24/2009,604.65,58.79,347.19,,,,,,
12/28/2009,619.21,60.2,355.55,,,,,,
12/29/2009,614.93,59.79,353.09,,,,,,
12/30/2009,615.77,59.87,353.57,,,,,,
12/31/2009,615.52,59.84,353.43,,,,,,
1/4/2010,626.86,60.94,359.93,,,,,,
1/5/2010,624.28,60.69,358.45,,,,,,
1/6/2010,632.95,61.54,363.42,,,,,,
1/7/2010,623.41,60.61,357.95,,,,,,
1/8/2010,626.42,60.9,359.67,,,,,,
1/11/2010,623.99,60.66,358.26,,,,,,
1/12/2010,601.48,58.48,345.28,,,,,,
1/13/2010,604.4,58.76,347.01,,,,,,
1/14/2010,598.12,58.15,343.41,,,,,,
1/15/2010,586.94,57.06,336.99,,,,,,
1/19/2010,588.53,57.22,337.9,,,,,,
1/20/2010,585.5,56.92,336.16,,,,,,
1/21/2010,588.99,57.26,338.17,,,,,,
1/22/2010,583.46,56.72,334.99,,,,,,
1/25/2010,586.97,57.06,337,,,,,,
1/26/2010,581.87,56.57,334.08,,,,,,
1/27/2010,569.77,55.39,327.13,,,,,,
1/28/2010,574.83,55.88,330.04,,,,,,
1/29/2010,570.98,55.51,327.82,,,,,,
2/1/2010,568.44,55.26,326.37,,,,,,
2/2/2010,577.27,56.12,331.43,,,,,,
2/3/2010,562.58,54.69,323,,,,,,
2/4/2010,560.16,54.46,321.61,,,,,,
2/5/2010,549.31,53.4,316.21,,,,,,
2/8/2010,559.66,54.41,322.99,,,,,,
2/9/2010,562.94,54.73,325.59,,,,,,
2/10/2010,568.75,55.29,329.81,,,,,,
2/11/2010,573.45,55.75,333.39,,,,,,
2/12/2010,569.28,55.34,330.96,,,,,,
2/16/2010,581.69,56.55,338.17,,,,,,
2/17/2010,569.19,55.33,330.9,,,,,,
2/18/2010,567.79,55.2,330.09,,,,,,
2/19/2010,571.2,55.53,332.07,,,,,,
2/22/2010,570.82,55.49,331.84,,,,,,
2/23/2010,563.32,54.76,327.48,,,,,,
2/24/2010,571.44,55.55,332.2,,,,,,
2/25/2010,563.71,54.8,327.71,,,,,,
2/26/2010,571.74,55.58,332.38,,,,,,
3/1/2010,559.92,54.43,325.5,,,,,,
3/2/2010,560.55,54.49,325.87,,,,,,
3/3/2010,563.57,54.78,327.62,,,,,,
3/4/2010,553.76,53.83,321.92,,,,,,
3/5/2010,551.67,53.63,320.7,,,,,,
3/8/2010,549.5,53.42,319.44,,,,,,
3/9/2010,539.57,52.45,313.66,,,,,,
3/10/2010,534.56,51.96,310.75,,,,,,
3/11/2010,528.66,51.39,307.32,,,,,,
3/12/2010,532.48,51.76,309.54,,,,,,
3/15/2010,529.23,51.44,307.64,,,,,,
3/16/2010,530.01,51.52,308.1,,,,,,
3/17/2010,536.8,52.18,312.04,,,,,,
3/18/2010,539.64,52.45,313.69,,,,,,
3/19/2010,535.23,52.03,311.13,,,,,,
3/22/2010,532.36,51.75,309.46,,,,,,
3/23/2010,522.04,50.74,303.45,,,,,,
3/24/2010,525.32,51.06,305.36,,,,,,
3/25/2010,514.57,50.02,299.11,,,,,,
3/26/2010,514.84,50.04,299.27,,,,,,
3/29/2010,520.03,50.55,302.28,,,,,,
3/30/2010,523.23,50.86,304.14,,,,,,
3/31/2010,505.26,49.11,293.69,,,,,,
4/1/2010,508.03,49.38,295.3,,,,,,
4/5/2010,507.16,49.29,294.79,,,,,,
4/6/2010,508.58,49.43,295.62,,,,,,
4/7/2010,515.82,50.13,299.82,,,,,,
4/8/2010,507.54,49.33,296.34,,,,,,
4/9/2010,507.57,49.33,297.71,,,,,,
4/12/2010,510.59,49.63,300.75,,,,,,
4/13/2010,517.37,50.28,305.97,,,,,,
4/14/2010,520.56,50.59,309.01,,,,,,
4/15/2010,523.44,50.87,310.71,,,,,,
4/16/2010,522.23,50.76,310,,,,,,
4/19/2010,512.8,49.84,304.4,,,,,,
4/20/2010,521.95,50.73,309.82,,,,,,
4/21/2010,525.55,51.08,311.96,,,,,,
4/22/2010,528.11,51.33,313.48,,,,,,
4/23/2010,522.17,50.75,309.95,,,,,,
4/26/2010,517.31,50.28,307.06,,,,,,
4/27/2010,511.58,49.72,303.66,,,,,,
4/28/2010,512.71,49.83,304.33,,,,,,
4/29/2010,517.73,50.32,307.31,,,,,,
4/30/2010,522.41,50.77,310.09,,,,,,
5/3/2010,518.98,50.44,308.05,,,,,,
5/4/2010,517.02,50.25,306.88,,,,,,
5/5/2010,518.06,50.35,307.5,,,,,,
5/6/2010,508.76,49.44,301.97,,,,,,
5/7/2010,510.28,49.59,302.88,,,,,,
5/10/2010,507.51,49.32,301.23,,,,,,
5/11/2010,508.72,49.44,301.94,,,,,,
5/12/2010,511.95,49.75,303.86,,,,,,
5/13/2010,506.65,49.24,300.71,,,,,,
5/14/2010,496.86,48.28,294.9,,,,,,
5/17/2010,491.6,47.77,291.78,,,,,,
5/18/2010,497.35,48.33,295.19,,,,,,
5/19/2010,498.35,48.43,295.78,,,,,,
5/20/2010,499.36,48.53,296.38,,,,,,
5/21/2010,505.86,49.16,300.23,,,,,,
5/24/2010,502.91,48.87,298.48,,,,,,
5/25/2010,498.07,48.4,295.61,,,,,,
5/26/2010,502.15,48.8,298.03,,,,,,
5/27/2010,503.97,48.97,299.11,,,,,,
5/28/2010,490.98,47.71,291.39,,,,,,
6/1/2010,487.85,47.41,289.53,,,,,,
6/2/2010,481.56,46.79,285.8,,,,,,
6/3/2010,483.91,47.02,287.19,,,,,,
6/4/2010,477.64,46.41,283.46,,,,,,
6/7/2010,474.44,46.1,282.18,,,,,,
6/8/2010,477.62,46.41,284.56,,,,,,
6/9/2010,480.42,46.68,286.74,,,,,,
6/10/2010,484.95,47.12,289.53,,,,,,
6/11/2010,493.19,47.92,294.78,,,,,,
6/14/2010,500.46,48.63,299.12,,,,,,
6/15/2010,501.99,48.78,300.04,,,,,,
6/16/2010,506.78,49.24,302.9,,,,,,
6/17/2010,505.41,49.11,302.08,,,,,,
6/18/2010,506.56,49.22,302.77,,,,,,
6/21/2010,507.85,49.35,303.54,,,,,,
6/22/2010,506.07,49.17,302.47,,,,,,
6/23/2010,501.97,48.77,300.02,,,,,,
6/24/2010,504.57,49.03,301.58,,,,,,
6/25/2010,502.15,48.79,300.13,,,,,,
6/28/2010,495.98,48.19,296.44,,,,,,
6/29/2010,485.72,47.19,290.31,,,,,,
6/30/2010,503.55,48.93,300.96,,,,,,
7/1/2010,514.47,49.99,307.49,,,,,,
7/2/2010,515.32,50.07,307.99,,,,,,
7/6/2010,512.35,49.78,306.21,,,,,,
7/7/2010,528.2,51.32,315.68,,,,,,
7/8/2010,536.35,52.11,320.55,,,,,,
7/9/2010,532.61,51.75,318.31,,,,,,
7/12/2010,531.91,51.68,317.89,,,,,,
7/13/2010,535.94,52.07,320.3,,,,,,
7/14/2010,540.93,52.55,323.28,,,,,,
7/15/2010,558.55,54.27,333.81,,,,,,
7/16/2010,555.85,54,332.2,,,,,,
7/19/2010,549.18,53.35,328.2,,,,,,
7/20/2010,542.39,52.69,324.14,,,,,,
7/21/2010,548.89,53.33,328.03,,,,,,
7/22/2010,555.07,53.93,331.72,,,,,,
7/23/2010,554.94,53.91,331.64,,,,,,
7/26/2010,551.52,53.58,329.59,,,,,,
7/27/2010,551.4,53.57,329.52,,,,,,
7/28/2010,565.16,54.91,337.74,,,,,,
7/29/2010,574.97,55.86,343.6,,,,,,
7/30/2010,592.6,57.57,354.14,,,,,,
8/2/2010,599.66,58.26,358.35,,,,,,
8/3/2010,591.82,57.49,353.67,,,,,,
8/4/2010,610.49,59.31,364.82,,,,,,
8/5/2010,626.25,60.84,374.24,,,,,,
8/6/2010,609.4,59.2,364.82,,,,,,
8/9/2010,604.25,58.7,364.29,,,,,,
8/10/2010,599,58.19,362.77,,,,,,
8/11/2010,597.29,58.02,363.34,,,,,,
8/12/2010,612.67,59.52,374.32,,,,,,
8/13/2010,615.8,59.82,376.23,,,,,,
8/16/2010,601.67,58.45,367.59,,,,,,
8/17/2010,602.87,58.56,368.32,,,,,,
8/18/2010,604.84,58.75,369.52,,,,,,
8/19/2010,608.97,59.16,372.04,,,,,,
8/20/2010,612.36,59.48,374.11,,,,,,
8/23/2010,615.39,59.78,375.96,,,,,,
8/24/2010,603.93,58.67,368.96,,,,,,
8/25/2010,595.08,57.81,363.55,,,,,,
8/26/2010,601.66,58.44,367.57,,,,,,
8/27/2010,609.92,59.25,372.61,,,,,,
8/30/2010,614.12,59.65,375.18,,,,,,
8/31/2010,606.14,58.88,370.3,,,,,,
9/1/2010,619.15,60.14,378.24,,,,,,
9/2/2010,624.09,60.62,381.26,,,,,,
9/3/2010,639.16,62.08,390.47,,,,,,
9/7/2010,645.12,62.66,394.1,,,,,,
9/8/2010,637.13,61.89,388.92,,,,,,
9/9/2010,649.78,63.12,396.11,,,,,,
9/10/2010,651.95,63.33,396.91,,,,,,
9/13/2010,659.98,64.1,401.4,,,,,,
9/14/2010,668.04,64.89,405.82,,,,,,
9/15/2010,662.83,64.38,402.66,,,,,,
9/16/2010,663.53,64.45,403.08,,,,,,
9/17/2010,678.65,65.92,412.27,,,,,,
9/20/2010,674.56,65.52,409.78,,,,,,
9/21/2010,669.74,65.05,406.85,,,,,,
9/22/2010,671.47,65.22,407.9,,,,,,
9/23/2010,664.8,64.57,403.84,,,,,,
9/24/2010,686.08,66.64,416.77,,,,,,
9/27/2010,684.81,66.51,415.99,,,,,,
9/28/2010,676.21,65.68,410.76,,,,,,
9/29/2010,672.3,65.3,408.39,,,,,,
9/30/2010,660.97,64.2,401.5,,,,,,
10/1/2010,637.91,61.96,387.49,,,,,,
10/4/2010,633.85,61.56,385.02,,,,,,
10/5/2010,650.83,63.21,395.34,,,,,,
10/6/2010,647.48,62.88,393.3,,,,,,
10/7/2010,659.97,64.1,400.99,,,,,,
10/8/2010,701.62,68.14,426.3,,,,,,
10/11/2010,712.18,69.17,432.94,,,,,,
10/12/2010,727.1,70.62,442.14,,,,,,
10/13/2010,722.8,70.2,439.64,,,,,,
10/14/2010,727.25,70.63,442.34,,,,,,
10/15/2010,719.37,69.86,437.55,,,,,,
10/18/2010,717.54,69.69,436.43,,,,,,
10/19/2010,710.68,69.02,432.26,,,,,,
10/20/2010,731.72,71.06,445.05,,,,,,
10/21/2010,723.85,70.3,440.27,,,,,,
10/22/2010,724.43,70.35,440.61,,,,,,
10/25/2010,734.78,71.36,446.91,,,,,,
10/26/2010,741.22,71.98,450.82,,,,,,
10/27/2010,745.58,72.41,453.47,,,,,,
10/28/2010,748.88,72.73,455.48,,,,,,
10/29/2010,754.66,73.29,458.99,,,,,,
11/1/2010,751.28,72.96,456.93,,,,,,
11/2/2010,754.89,73.31,459.13,,,,,,
11/3/2010,755.97,73.41,459.78,,,,,,
11/4/2010,779.88,75.74,474.32,,,,,,
11/5/2010,785.4,76.27,479.23,,,,,,
11/8/2010,789.62,76.68,483.64,,,,,,
11/9/2010,798.06,77.5,490.63,,,,,,
11/10/2010,785.24,76.25,484.6,,,,,,
11/11/2010,769.66,74.74,475.38,,,,,,
11/12/2010,725.47,70.45,448.08,,,,,,
11/15/2010,739.04,71.77,456.46,,,,,,
11/16/2010,703.53,68.32,434.52,,,,,,
11/17/2010,702.1,68.18,433.64,,,,,,
11/18/2010,726.4,70.54,448.64,,,,,,
11/19/2010,703.72,68.34,434.64,,,,,,
11/22/2010,701.29,68.1,433.13,,,,,,
11/23/2010,706.86,68.64,436.57,,,,,,
11/24/2010,717.83,69.7,443.34,,,,,,
11/26/2010,714.04,69.34,441,,,,,,
11/29/2010,717.37,69.66,443.05,,,,,,
11/30/2010,712.83,69.22,440.24,,,,,,
12/1/2010,742.98,72.14,458.86,,,,,,
12/2/2010,745.16,72.36,460.21,,,,,,
12/3/2010,768.97,74.67,474.91,,,,,,
12/6/2010,768.25,74.6,474.46,,,,,,
12/7/2010,761.3,73.92,470.26,,,,,,
12/8/2010,768.83,74.65,475.01,,,,,,
12/9/2010,769.84,74.75,475.73,,,,,,
12/10/2010,768.43,74.61,474.96,,,,,,
12/13/2010,786.47,76.36,486.22,,,,,,
12/14/2010,784.14,76.14,484.77,,,,,,
12/15/2010,783.8,76.1,484.56,,,,,,
12/16/2010,782.3,75.96,483.64,,,,,,
12/17/2010,798.07,77.49,493.38,,,,,,
12/20/2010,808.16,78.47,499.61,,,,,,
12/21/2010,814.15,79.05,503.32,,,,,,
12/22/2010,818.24,79.45,505.84,,,,,,
12/23/2010,822.93,79.9,508.74,,,,,,
12/27/2010,822.52,79.86,508.48,,,,,,
12/28/2010,832.85,80.86,514.86,,,,,,
12/29/2010,827.78,80.37,511.72,,,,,,
12/30/2010,807.6,78.41,499.24,,,,,,
12/31/2010,825.99,80.2,510.61,,,,,,
1/3/2011,822.58,79.86,508.5,,,,,,
1/4/2011,808.34,78.48,499.69,,,,,,
1/5/2011,824.28,80.03,509.54,,,,,,
1/6/2011,801.87,77.85,495.69,,,,,,
1/7/2011,799.03,77.58,493.93,,,,,,
1/10/2011,805.33,78.19,497.83,,,,,,
1/11/2011,808.75,78.52,499.62,,,,,,
1/12/2011,823.76,79.97,509.28,,,,,,
1/13/2011,828.4,80.43,512.19,,,,,,
1/14/2011,821.93,79.8,508.18,,,,,,
1/18/2011,833.33,80.9,515.22,,,,,,
1/19/2011,830.13,80.59,513.24,,,,,,
1/20/2011,839.57,81.51,519.07,,,,,,
1/21/2011,853.87,82.89,527.91,,,,,,
1/24/2011,858.16,83.31,530.56,,,,,,
1/25/2011,849.78,82.5,525.37,,,,,,
1/26/2011,869.86,84.45,537.79,,,,,,
1/27/2011,871.94,84.65,539.07,,,,,,
1/28/2011,861.6,83.64,532.68,,,,,,
1/31/2011,874.63,84.91,540.73,,,,,,
2/1/2011,880.93,85.52,544.62,,,,,,
2/2/2011,898.01,87.18,555.18,,,,,,
2/3/2011,878.42,85.27,543.06,,,,,,
2/4/2011,881.19,85.54,544.77,,,,,,
2/7/2011,884.89,85.9,547.58,,,,,,
2/8/2011,883.94,85.81,547.42,,,,,,
2/9/2011,902.41,87.6,559.32,,,,,,
2/10/2011,902.21,87.58,559.81,,,,,,
2/11/2011,901.47,87.51,559.31,,,,,,
2/14/2011,895.58,86.94,555.65,,,,,,
2/15/2011,882.59,85.67,547.59,,,,,,
2/16/2011,889.73,86.37,552.01,,,,,,
2/17/2011,908.86,88.22,563.88,,,,,,
2/18/2011,892.8,86.66,553.91,,,,,,
2/22/2011,857.29,83.22,531.87,,,,,,
2/23/2011,856.89,83.18,531.62,,,,,,
2/24/2011,847.25,82.24,525.64,,,,,,
2/25/2011,875.78,85.01,543.34,,,,,,
2/28/2011,887.83,86.18,550.81,,,,,,
3/1/2011,888.66,86.26,551.32,,,,,,
3/2/2011,894.83,86.86,555.15,,,,,,
3/3/2011,909.77,88.31,564.42,,,,,,
3/4/2011,910.08,88.34,564.61,,,,,,
3/7/2011,899.7,87.33,558.16,,,,,,
3/8/2011,888.54,86.25,551.24,,,,,,
3/9/2011,876.83,85.11,543.97,,,,,,
3/10/2011,854.59,82.95,530.17,,,,,,
3/11/2011,842.89,81.81,522.91,,,,,,
3/14/2011,835.68,81.11,518.43,,,,,,
3/15/2011,790.32,76.71,490.29,,,,,,
3/16/2011,781.8,75.88,485,,,,,,
3/17/2011,818.14,79.41,507.55,,,,,,
3/18/2011,844.67,81.98,524,,,,,,
3/21/2011,844.57,81.97,523.94,,,,,,
3/22/2011,847.91,82.3,526.01,,,,,,
3/23/2011,836.49,81.19,518.92,,,,,,
3/24/2011,857.32,83.21,531.84,,,,,,
3/25/2011,851.86,82.68,528.45,,,,,,
3/28/2011,834.48,80.99,517.67,,,,,,
3/29/2011,836.28,81.17,518.78,,,,,,
3/30/2011,832.39,80.79,516.37,,,,,,
3/31/2011,858.97,83.37,532.86,,,,,,
4/1/2011,868.68,84.31,538.88,,,,,,
4/4/2011,885.88,85.98,549.54,,,,,,
4/5/2011,890.07,86.39,552.14,,,,,,
4/6/2011,888.15,86.2,550.95,,,,,,
4/7/2011,883.62,85.76,548.03,,,,,,
4/8/2011,888.97,86.28,551.41,,,,,,
4/11/2011,890.58,86.44,552.15,,,,,,
4/12/2011,864.69,83.92,535.77,,,,,,
4/13/2011,860.51,83.52,532.79,,,,,,
4/14/2011,853.35,82.82,528.35,,,,,,
4/15/2011,851.06,82.6,526.93,,,,,,
4/18/2011,862.1,83.67,533.77,,,,,,
4/19/2011,861.24,83.59,533.24,,,,,,
4/20/2011,859.17,83.39,531.95,,,,,,
4/21/2011,866.25,84.07,536.34,,,,,,
4/25/2011,878.7,85.28,544.04,,,,,,
4/26/2011,872.86,84.71,540.42,,,,,,
4/27/2011,853.65,82.85,528.53,,,,,,
4/28/2011,829.88,80.54,513.81,,,,,,
4/29/2011,851.74,82.66,527.34,,,,,,
5/2/2011,838.88,81.42,519.38,,,,,,
5/3/2011,836.05,81.14,517.62,,,,,,
5/4/2011,822.35,79.81,509.14,,,,,,
5/5/2011,801.13,77.75,496,,,,,,
5/6/2011,793.7,77.03,491.4,,,,,,
5/9/2011,811.99,78.8,502.72,,,,,,
5/10/2011,821.07,79.69,508.35,,,,,,
5/11/2011,794.5,77.11,491.89,,,,,,
5/12/2011,788.29,76.5,488.05,,,,,,
5/13/2011,785.34,76.22,486.22,,,,,,
5/16/2011,796.29,77.28,493.01,,,,,,
5/17/2011,815.2,79.12,504.71,,,,,,
5/18/2011,849.36,82.43,525.86,,,,,,
5/19/2011,840.12,81.53,520.14,,,,,,
5/20/2011,843.27,81.84,522.09,,,,,,
5/23/2011,835.85,81.12,517.49,,,,,,
5/24/2011,824.36,80,510.38,,,,,,
5/25/2011,837.48,81.28,518.5,,,,,,
5/26/2011,841.33,81.65,520.88,,,,,,
5/27/2011,847.95,82.29,524.98,,,,,,
5/31/2011,838.98,81.42,519.42,,,,,,
6/1/2011,834.43,80.98,516.61,,,,,,
6/2/2011,849.1,82.4,525.69,,,,,,
6/3/2011,848.67,82.36,525.42,,,,,,
6/6/2011,823.8,79.95,510.02,,,,,,
6/7/2011,822.75,79.85,509.49,,,,,,
6/8/2011,835.79,81.11,514.9,,,,,,
6/9/2011,843.59,81.87,519.09,,,,,,
6/10/2011,847.27,82.23,517.9,,,,,,
6/13/2011,841.08,81.62,511.76,,,,,,
6/14/2011,828.65,80.42,504.2,,,,,,
6/15/2011,809.38,78.55,492.47,,,,,,
6/16/2011,791.59,76.82,481.65,,,,,,
6/17/2011,793.54,77.01,482.84,,,,,,
6/20/2011,793.72,77.03,482.94,,,,,,
6/21/2011,802.77,77.91,488.45,,,,,,
6/22/2011,779.72,75.67,474.42,,,,,,
6/23/2011,774.79,75.19,471.42,,,,,,
6/24/2011,769.48,74.68,468.19,,,,,,
6/27/2011,762.44,73.99,463.91,,,,,,
6/28/2011,783.03,75.99,476.44,,,,,,
6/29/2011,786.77,76.35,478.71,,,,,,
6/30/2011,755.16,73.28,459.47,,,,,,
7/1/2011,746.04,72.4,453.93,,,,,,
7/5/2011,760.23,73.78,462.56,,,,,,
7/6/2011,754.1,73.18,458.83,,,,,,
7/7/2011,767.26,74.46,466.84,,,,,,
7/8/2011,775.75,75.28,472,,,,,,
7/11/2011,766.72,74.41,466.51,,,,,,
7/12/2011,786.43,76.32,478.5,,,,,,
7/13/2011,810.05,78.61,492.87,,,,,,
7/14/2011,801.69,77.8,487.78,,,,,,
7/15/2011,798.62,77.5,485.91,,,,,,
7/18/2011,792.7,76.93,482.31,,,,,,
7/19/2011,795.58,77.21,484.06,,,,,,
7/20/2011,794.46,77.1,483.38,,,,,,
7/21/2011,788.51,76.52,479.76,,,,,,
7/22/2011,801.41,77.77,487.61,,,,,,
7/25/2011,791.18,76.78,481.38,,,,,,
7/26/2011,801.91,77.82,487.91,,,,,,
7/27/2011,806.35,78.25,490.61,,,,,,
7/28/2011,793.29,76.98,482.66,,,,,,
7/29/2011,780.23,75.72,474.72,,,,,,
8/1/2011,785.94,76.27,478.19,,,,,,
8/2/2011,806.61,78.28,490.77,,,,,,
8/3/2011,798.18,77.46,485.63,,,,,,
8/4/2011,783.52,76.03,476.71,,,,,,
8/5/2011,779.77,75.67,476.26,,,,,,
8/8/2011,759.72,73.72,465.71,,,,,,
8/9/2011,763.71,74.11,469.69,,,,,,
8/10/2011,769.47,74.67,474.81,,,,,,
8/11/2011,787.13,76.38,487.26,,,,,,
8/12/2011,788.32,76.5,488,,,,,,
8/15/2011,796.23,77.27,492.89,,,,,,
8/16/2011,804.64,78.08,498.09,,,,,,
8/17/2011,817.84,79.36,506.27,,,,,,
8/18/2011,805.88,78.2,498.87,,,,,,
8/19/2011,823.76,79.94,509.93,,,,,,
8/22/2011,828.88,80.43,513.1,,,,,,
8/23/2011,838.32,81.35,518.94,,,,,,
8/24/2011,833.41,80.87,515.91,,,,,,
8/25/2011,833.17,80.85,515.76,,,,,,
8/26/2011,850.68,82.55,526.59,,,,,,
8/29/2011,854.07,82.88,528.69,,,,,,
8/30/2011,854.98,82.97,529.25,,,,,,
8/31/2011,853.59,82.83,528.4,,,,,,
9/1/2011,833.99,80.93,516.26,,,,,,
9/2/2011,843.83,81.88,522.35,,,,,,
9/6/2011,831.09,80.65,514.47,,,,,,
9/7/2011,829.68,80.51,513.59,,,,,,
9/8/2011,824.29,79.99,509.79,,,,,,
9/9/2011,820.35,79.61,506.65,,,,,,
9/12/2011,822.22,79.79,507.11,,,,,,
9/13/2011,807.31,78.34,497.2,,,,,,
9/14/2011,806.92,78.3,496.18,,,,,,
9/15/2011,793.18,76.97,487.73,,,,,,
9/16/2011,779.42,75.63,479.27,,,,,,
9/19/2011,772.19,74.93,474.82,,,,,,
9/20/2011,771.89,74.9,474.64,,,,,,
9/21/2011,760.08,73.76,467.37,,,,,,
9/22/2011,726.36,70.48,446.64,,,,,,
9/23/2011,718.94,69.76,442.08,,,,,,
9/26/2011,725.23,70.37,445.95,,,,,,
9/27/2011,732.72,71.1,450.55,,,,,,
9/28/2011,712.74,69.16,438.27,,,,,,
9/29/2011,725.56,70.41,446.14,,,,,,
9/30/2011,691.68,67.12,425.31,,,,,,
10/3/2011,690.04,66.96,424.31,,,,,,
10/4/2011,684.44,66.42,420.86,,,,,,
10/5/2011,697,67.64,428.59,,,,,,
10/6/2011,696.04,67.54,427.99,,,,,,
10/7/2011,690.84,67.04,424.93,,,,,,
10/10/2011,700.94,68.02,431.26,,,,,,
10/11/2011,730.17,70.85,449.37,,,,,,
10/12/2011,720.66,69.93,443.63,,,,,,
10/13/2011,724.9,70.34,446.35,,,,,,
10/14/2011,732.8,71.11,451.21,,,,,,
10/17/2011,729.13,70.75,448.95,,,,,,
10/18/2011,729.38,70.78,449.11,,,,,,
10/19/2011,720.99,69.96,443.94,,,,,,
10/20/2011,724.45,70.3,446.07,,,,,,
10/21/2011,725.13,70.36,446.49,,,,,,
10/24/2011,734.35,71.26,452.17,,,,,,
10/25/2011,730.36,70.87,449.71,,,,,,
10/26/2011,717.86,69.66,442.01,,,,,,
10/27/2011,736.13,71.43,453.26,,,,,,
10/28/2011,733,71.13,451.33,,,,,,
10/31/2011,720.75,69.94,443.79,,,,,,
11/1/2011,717.37,69.61,441.7,,,,,,
11/2/2011,712.61,69.15,438.77,,,,,,
11/3/2011,722.31,70.09,444.75,,,,,,
11/4/2011,723.17,70.17,445.28,,,,,,
11/7/2011,719.82,69.85,444.6,,,,,,
11/8/2011,728.68,70.71,451.26,,,,,,
11/9/2011,717.94,69.67,445.64,,,,,,
11/10/2011,709.36,68.83,441.56,,,,,,
11/11/2011,706.47,68.55,441.02,,,,,,
11/14/2011,700.53,67.98,437.31,,,,,,
11/15/2011,713.1,69.2,445.15,,,,,,
11/16/2011,706.25,68.53,440.88,,,,,,
11/17/2011,683.47,66.32,426.66,,,,,,
11/18/2011,680.53,66.04,424.83,,,,,,
11/21/2011,671.35,65.14,419.09,,,,,,
11/22/2011,668.25,64.84,417.16,,,,,,
11/23/2011,657.89,63.84,410.69,,,,,,
11/25/2011,651.82,63.25,406.9,,,,,,
11/28/2011,656.85,63.74,410.04,,,,,,
11/29/2011,667.29,64.75,416.56,,,,,,
11/30/2011,669.26,64.94,417.78,,,,,,
12/1/2011,666.79,64.7,416.24,,,,,,
12/2/2011,666.71,64.69,416.19,,,,,,
12/5/2011,665.02,64.53,415.14,,,,,,
12/6/2011,668.66,64.88,417.41,,,,,,
12/7/2011,657.54,63.8,410.58,,,,,,
12/8/2011,663.11,64.34,414.17,,,,,,
12/9/2011,654.42,63.5,408.85,,,,,,
12/12/2011,650.84,63.15,406.73,,,,,,
12/13/2011,654.45,63.5,409.1,,,,,,
12/14/2011,637.96,61.9,398.79,,,,,,
12/15/2011,638.49,61.96,399.12,,,,,,
12/16/2011,643.05,62.4,401.97,,,,,,
12/19/2011,655.13,63.57,409.53,,,,,,
12/20/2011,662.55,64.29,414.16,,,,,,
12/21/2011,667.62,64.78,417.33,,,,,,
12/22/2011,670.69,65.08,419.25,,,,,,
12/23/2011,671.83,65.19,419.96,,,,,,
12/27/2011,686.57,66.62,429.18,,,,,,
12/28/2011,691.15,67.06,432.04,,,,,,
12/29/2011,688.71,66.83,430.52,,,,,,
12/30/2011,694.87,67.43,434.36,,,,,,
1/3/2012,708.56,68.75,442.92,,,,,,
1/4/2012,706.81,68.58,441.83,,,,,,
1/5/2012,686.83,66.64,429.33,,,,,,
1/6/2012,686.2,66.58,428.94,,,,,,
1/9/2012,697.96,67.73,436.3,,,,,,
1/10/2012,699.24,67.85,437.1,,,,,,
1/11/2012,700.14,67.94,437.67,,,,,,
1/12/2012,673.46,65.35,420.72,,,,,,
1/13/2012,666.72,64.69,416.75,,,,,,
1/17/2012,672.85,65.29,420.58,,,,,,
1/18/2012,665.76,64.6,416.15,,,,,,
1/19/2012,677.5,65.74,423.48,,,,,,
1/20/2012,680.71,66.05,425.49,,,,,,
1/23/2012,688.14,66.77,430.14,,,,,,
1/24/2012,695.14,67.45,434.51,,,,,,
1/25/2012,695.36,67.47,434.65,,,,,,
1/26/2012,700.04,67.93,437.57,,,,,,
1/27/2012,697.66,67.7,436.09,,,,,,
1/30/2012,687.67,66.73,429.84,,,,,,
1/31/2012,695.06,67.44,434.46,,,,,,
2/1/2012,698.99,67.82,436.92,,,,,,
2/2/2012,697.23,67.65,435.81,,,,,,
2/3/2012,701.9,68.11,438.73,,,,,,
2/6/2012,706.32,68.53,441.49,,,,,,
2/7/2012,702.94,68.21,439.84,,,,,,
2/8/2012,701.92,68.11,439.55,,,,,,
2/9/2012,693.06,67.25,434.34,,,,,,
2/10/2012,686.87,66.65,430.72,,,,,,
2/13/2012,693.63,67.3,435.09,,,,,,
2/14/2012,687.61,66.72,431.31,,,,,,
2/15/2012,685.51,66.51,430,,,,,,
2/16/2012,689.63,66.91,432.58,,,,,,
2/17/2012,694.57,67.39,435.67,,,,,,
2/21/2012,692,67.14,434.06,,,,,,
2/22/2012,695.74,67.51,436.4,,,,,,
2/23/2012,694.72,67.41,435.76,,,,,,
2/24/2012,697.92,67.72,437.77,,,,,,
2/27/2012,705.42,68.44,442.47,,,,,,
2/28/2012,713.56,69.23,447.57,,,,,,
2/29/2012,711.3,69.01,446.15,,,,,,
3/1/2012,708.49,68.74,444.39,,,,,,
3/2/2012,711.59,69.04,446.33,,,,,,
3/5/2012,713.16,69.19,447.31,,,,,,
3/6/2012,703.36,68.24,441.17,,,,,,
3/7/2012,690.84,67.03,433.31,,,,,,
3/8/2012,690.12,66.96,432.86,,,,,,
3/9/2012,693.03,67.24,434.68,,,,,,
3/12/2012,699.45,67.86,438.7,,,,,,
3/13/2012,702.23,68.13,440.45,,,,,,
3/14/2012,699.76,67.89,438.9,,,,,,
3/15/2012,714.5,69.32,448.15,,,,,,
3/16/2012,717.13,69.58,449.79,,,,,,
3/19/2012,710.82,68.96,445.83,,,,,,
3/20/2012,700.51,67.96,439.36,,,,,,
3/21/2012,697.34,67.66,437.37,,,,,,
3/22/2012,701.35,68.04,439.89,,,,,,
3/23/2012,705.08,68.41,442.23,,,,,,
3/26/2012,702.36,68.14,440.52,,,,,,
3/27/2012,694.97,67.43,435.88,,,,,,
3/28/2012,688.36,66.78,431.73,,,,,,
3/29/2012,676.92,65.67,424.56,,,,,,
3/30/2012,708.19,68.71,444.17,,,,,,
4/2/2012,712.11,69.09,446.62,,,,,,
4/3/2012,711.09,68.99,445.98,,,,,,
4/4/2012,704.17,68.32,441.64,,,,,,
4/5/2012,705.21,68.42,442.3,,,,,,
4/9/2012,701.82,68.09,439.77,,,,,,
4/10/2012,689.7,66.91,431.64,,,,,,
4/11/2012,691.88,67.12,432.33,,,,,,
4/12/2012,699.62,67.87,436.5,,,,,,
4/13/2012,689.5,66.89,429.66,,,,,,
4/16/2012,678.83,65.86,423.01,,,,,,
4/17/2012,678.99,65.87,423.11,,,,,,
4/18/2012,670.53,65.05,417.83,,,,,,
4/19/2012,680.3,66,423.92,,,,,,
4/20/2012,677.95,65.77,422.46,,,,,,
4/23/2012,683.37,66.3,425.83,,,,,,
4/24/2012,684.82,66.44,426.73,,,,,,
4/25/2012,681.1,66.07,424.41,,,,,,
4/26/2012,684.51,66.41,426.54,,,,,,
4/27/2012,694.79,67.4,432.94,,,,,,
4/30/2012,698.61,67.77,435.32,,,,,,
5/1/2012,694.92,67.41,433.02,,,,,,
5/2/2012,678.3,65.8,422.66,,,,,,
5/3/2012,677.29,65.7,422.03,,,,,,
5/4/2012,677.64,65.74,422.25,,,,,,
5/7/2012,677.75,65.75,422.32,,,,,,
5/8/2012,674.04,65.39,420,,,,,,
5/9/2012,663.93,64.41,413.7,,,,,,
5/10/2012,658.38,63.87,410.24,,,,,,
5/11/2012,647.51,62.81,403.47,,,,,,
5/14/2012,646.96,62.76,403.12,,,,,,
5/15/2012,657.71,63.8,409.82,,,,,,
5/16/2012,673.88,65.37,419.89,,,,,,
5/17/2012,682.18,66.18,425.06,,,,,,
5/18/2012,691.55,67.09,430.91,,,,,,
5/21/2012,692.18,67.15,431.29,,,,,,
5/22/2012,668.49,64.85,416.53,,,,,,
5/23/2012,659.27,63.95,410.78,,,,,,
5/24/2012,653.33,63.38,407.08,,,,,,
5/25/2012,658.24,63.85,410.14,,,,,,
5/29/2012,646.05,62.67,402.54,,,,,,
5/30/2012,641.57,62.23,399.75,,,,,,
5/31/2012,633.8,61.48,394.91,,,,,,
6/1/2012,621.17,60.25,387.03,,,,,,
6/4/2012,630.02,61.11,392.55,,,,,,
6/5/2012,626.3,60.75,390.23,,,,,,
6/6/2012,644.24,62.49,401.41,,,,,,
6/7/2012,657.04,63.73,406.84,,,,,,
6/8/2012,655.27,63.56,402.87,,,,,,
6/11/2012,654.39,63.48,399.14,,,,,,
6/12/2012,646.95,62.75,391.04,,,,,,
6/13/2012,641.76,62.25,383.85,,,,,,
6/14/2012,643.32,62.4,384.78,,,,,,
6/15/2012,638.25,61.91,381.75,,,,,,
6/18/2012,656.11,63.64,392.43,,,,,,
6/19/2012,683,66.25,408.51,,,,,,
6/20/2012,686.39,66.58,410.54,,,,,,
6/21/2012,673.88,65.37,403.06,,,,,,
6/22/2012,672.54,65.24,402.26,,,,,,
6/25/2012,707.24,68.6,423.01,,,,,,
6/26/2012,719.02,69.74,430.05,,,,,,
6/27/2012,726.05,70.42,434.25,,,,,,
6/28/2012,722.13,70.04,431.91,,,,,,
6/29/2012,732.74,71.07,438.26,,,,,,
7/2/2012,749.22,72.67,448.11,,,,,,
7/3/2012,771.59,74.84,461.48,,,,,,
7/5/2012,797.5,77.35,476.98,,,,,,
7/6/2012,782.29,75.88,467.88,,,,,,
7/9/2012,808.28,78.4,483.42,,,,,,
7/10/2012,800.35,77.63,478.68,,,,,,
7/11/2012,797.15,77.32,476.76,,,,,,
7/12/2012,809.1,78.48,483.91,,,,,,
7/13/2012,818.72,79.41,489.66,,,,,,
7/16/2012,844.69,81.93,505.18,,,,,,
7/17/2012,844.48,81.91,505.06,,,,,,
7/18/2012,858.58,83.28,513.49,,,,,,
7/19/2012,877.83,85.14,525,,,,,,
7/20/2012,891.25,86.44,533.03,,,,,,
7/23/2012,872.6,84.63,521.87,,,,,,
7/24/2012,845.68,82.02,505.77,,,,,,
7/25/2012,857.81,83.2,513.02,,,,,,
7/26/2012,840.6,81.53,502.73,,,,,,
7/27/2012,853.84,82.81,510.64,,,,,,
7/30/2012,871.31,84.51,521.09,,,,,,
7/31/2012,858.22,83.24,513.26,,,,,,
8/1/2012,852,82.63,509.54,,,,,,
8/2/2012,842.01,81.67,503.56,,,,,,
8/3/2012,858.16,83.23,513.22,,,,,,
8/6/2012,852.76,82.71,509.98,,,,,,
8/7/2012,845.49,82,506.4,,,,,,
8/8/2012,853.49,82.78,512.03,,,,,,
8/9/2012,862.32,83.63,518.17,,,,,,
8/10/2012,848.88,82.33,511.13,,,,,,
8/13/2012,829.08,80.41,500.33,,,,,,
8/14/2012,823.04,79.82,496.69,,,,,,
8/15/2012,833.92,80.88,503.26,,,,,,
8/16/2012,836.66,81.14,504.91,,,,,,
8/17/2012,842.96,81.75,508.71,,,,,,
8/20/2012,856.57,83.07,516.91,,,,,,
8/21/2012,870.04,84.38,525.04,,,,,,
8/22/2012,866.79,84.06,523.08,,,,,,
8/23/2012,851.2,82.55,513.67,,,,,,
8/24/2012,848.15,82.25,511.83,,,,,,
8/27/2012,844.37,81.89,509.54,,,,,,
8/28/2012,843.91,81.84,509.26,,,,,,
8/29/2012,859.94,83.4,518.94,,,,,,
8/30/2012,857.89,83.2,517.69,,,,,,
8/31/2012,851.43,82.57,513.8,,,,,,
9/4/2012,851.35,82.56,513.74,,,,,,
9/5/2012,836.93,81.16,505.04,,,,,,
9/6/2012,845.57,82,510.25,,,,,,
9/7/2012,851.55,82.58,513.86,,,,,,
9/10/2012,841.83,81.64,508.31,,,,,,
9/11/2012,837.37,81.21,505.97,,,,,,
9/12/2012,840.54,81.51,508.21,,,,,,
9/13/2012,845.6,82,511.62,,,,,,
9/14/2012,857.11,83.12,518.99,,,,,,
9/17/2012,824.85,79.99,499.46,,,,,,
9/18/2012,813.71,78.91,492.71,,,,,,
9/19/2012,824.91,80,499.49,,,,,,
9/20/2012,815.04,79.04,493.51,,,,,,
9/21/2012,821.18,79.63,497.22,,,,,,
9/24/2012,816.81,79.21,494.58,,,,,,
9/25/2012,817.46,79.27,494.97,,,,,,
9/26/2012,799.72,77.55,484.23,,,,,,
9/27/2012,794.16,77.01,480.86,,,,,,
9/28/2012,822.99,79.81,498.31,,,,,,
10/1/2012,818.13,79.33,495.36,,,,,,
10/2/2012,815.82,79.11,493.97,,,,,,
10/3/2012,815.02,79.03,493.48,,,,,,
10/4/2012,814.63,79,493.25,,,,,,
10/5/2012,806.55,78.21,488.34,,,,,,
10/8/2012,805.27,78.09,487.53,,,,,,
10/9/2012,805.94,78.15,487.93,,,,,,
10/10/2012,802.13,77.78,485.63,,,,,,
10/11/2012,816.82,79.21,494.52,,,,,,
10/12/2012,798.65,77.44,483.52,,,,,,
10/15/2012,787.81,76.39,476.95,,,,,,
10/16/2012,791.75,76.77,479.34,,,,,,
10/17/2012,799.31,77.51,483.91,,,,,,
10/18/2012,809.58,78.5,490.12,,,,,,
10/19/2012,812.05,78.74,491.62,,,,,,
10/22/2012,814.85,79.01,493.31,,,,,,
10/23/2012,807.12,78.26,488.63,,,,,,
10/24/2012,810.58,78.6,490.72,,,,,,
10/25/2012,802.64,77.83,485.92,,,,,,
10/26/2012,797.15,77.29,482.59,,,,,,
10/29/2012,793.16,76.91,480.17,,,,,,
10/30/2012,793.95,76.98,480.65,,,,,,
10/31/2012,800.17,77.59,484.41,,,,,,
11/1/2012,800.37,77.61,484.53,,,,,,
11/2/2012,793.27,76.92,480.23,,,,,,
11/5/2012,788.83,76.49,477.53,,,,,,
11/6/2012,795.65,77.15,481.66,,,,,,
11/7/2012,797.35,77.31,483.43,,,,,,
11/8/2012,796.39,77.22,483.62,,,,,,
11/9/2012,788.3,76.43,479.53,,,,,,
11/12/2012,771.75,74.83,470.28,,,,,,
11/13/2012,770.26,74.68,470.09,,,,,,
11/14/2012,772.61,74.91,471.52,,,,,,
11/15/2012,769.05,74.57,469.34,,,,,,
11/16/2012,767.16,74.38,468.19,,,,,,
11/19/2012,776.82,75.32,474.08,,,,,,
11/20/2012,780.06,75.63,476.05,,,,,,
11/21/2012,778.11,75.44,474.86,,,,,,
11/23/2012,778.03,75.44,474.81,,,,,,
11/26/2012,780.14,75.64,476.1,,,,,,
11/27/2012,793.86,76.97,484.47,,,,,,
11/28/2012,795.32,77.11,485.36,,,,,,
11/29/2012,794.04,76.99,484.58,,,,,,
11/30/2012,784.53,76.06,478.77,,,,,,
12/3/2012,787.43,76.34,480.54,,,,,,
12/4/2012,782.83,75.9,477.73,,,,,,
12/5/2012,788.63,76.46,481.27,,,,,,
12/6/2012,788.13,76.41,480.96,,,,,,
12/7/2012,781.29,75.75,476.78,,,,,,
12/10/2012,772.62,74.91,471.49,,,,,,
12/11/2012,766.59,74.32,467.81,,,,,,
12/12/2012,761.32,73.81,464.55,,,,,,
12/13/2012,757.85,73.47,462.39,,,,,,
12/14/2012,766.56,74.32,467.71,,,,,,
12/17/2012,764.82,74.15,466.64,,,,,,
12/18/2012,761.29,73.81,464.48,,,,,,
12/19/2012,750.83,72.79,458.1,,,,,,
12/20/2012,741.71,71.91,452.54,,,,,,
12/21/2012,746.92,72.41,455.71,,,,,,
12/24/2012,747.91,72.51,456.32,,,,,,
12/26/2012,738.15,71.56,450.37,,,,,,
12/27/2012,737.42,71.49,449.92,,,,,,
12/28/2012,738.98,71.64,450.87,,,,,,
12/31/2012,739.75,71.72,451.34,,,,,,
1/2/2013,731.79,70.95,446.48,,,,,,
1/3/2013,727.91,70.57,444.11,,,,,,
1/4/2013,719.77,69.78,439.14,,,,,,
1/7/2013,725.8,70.36,442.82,,,,,,
1/8/2013,724.83,70.27,442.23,,,,,,
1/9/2013,725.13,70.3,442.42,,,,,,
1/10/2013,727.43,70.52,443.83,,,,,,
1/11/2013,734.75,71.23,448.31,,,,,,
1/14/2013,746.52,72.37,455.51,,,,,,
1/15/2013,751.69,72.87,458.66,,,,,,
1/16/2013,754.81,73.17,460.56,,,,,,
1/17/2013,751.68,72.87,458.66,,,,,,
1/18/2013,755.51,73.24,460.99,,,,,,
1/22/2013,752.67,72.97,459.25,,,,,,
1/23/2013,749.78,72.69,457.49,,,,,,
1/24/2013,749.58,72.67,457.37,,,,,,
1/25/2013,749.46,72.65,457.29,,,,,,
1/28/2013,755.52,73.24,460.99,,,,,,
1/29/2013,755.15,73.21,460.76,,,,,,
1/30/2013,765.14,74.17,466.85,,,,,,
1/31/2013,762.71,73.94,465.37,,,,,,
2/1/2013,758.4,73.52,462.74,,,,,,
2/4/2013,756.35,73.32,461.49,,,,,,
2/5/2013,752.9,72.99,459.38,,,,,,
2/6/2013,749.13,72.62,457.08,,,,,,
2/7/2013,742.82,72.01,453.54,,,,,,
2/8/2013,739.66,71.7,451.8,,,,,,
2/11/2013,732.62,71.02,447.73,,,,,,
2/12/2013,725.18,70.3,443.44,,,,,,
2/13/2013,725.49,70.33,443.89,,,,,,
2/14/2013,722.27,70.02,441.92,,,,,,
2/15/2013,726.18,70.4,444.31,,,,,,
2/19/2013,726.77,70.45,444.67,,,,,,
2/20/2013,732.51,71.01,448.18,,,,,,
2/21/2013,721.89,69.98,441.67,,,,,,
2/22/2013,718.83,69.68,439.8,,,,,,
2/25/2013,713.44,69.16,436.5,,,,,,
2/26/2013,717.54,69.56,439.01,,,,,,
2/27/2013,720.34,69.83,440.72,,,,,,
2/28/2013,727.05,70.48,444.82,,,,,,
3/1/2013,727.43,70.51,445.06,,,,,,
3/4/2013,724.25,70.2,443.1,,,,,,
3/5/2013,727.5,70.52,445.09,,,,,,
3/6/2013,714.7,69.28,437.26,,,,,,
3/7/2013,721.62,69.95,441.49,,,,,,
3/8/2013,726.52,70.42,444.48,,,,,,
3/11/2013,730.88,70.85,447.15,,,,,,
3/12/2013,731.87,70.94,447.75,,,,,,
3/13/2013,730.33,70.79,446.81,,,,,,
3/14/2013,736.58,71.4,450.64,,,,,,
3/15/2013,736.11,71.35,450.34,,,,,,
3/18/2013,728.96,70.66,445.97,,,,,,
3/19/2013,734.07,71.15,449.1,,,,,,
3/20/2013,739.7,71.7,452.53,,,,,,
3/21/2013,739.72,71.7,452.55,,,,,,
3/22/2013,736.59,71.4,450.63,,,,,,
3/25/2013,736.65,71.4,450.66,,,,,,
3/26/2013,738.55,71.59,451.83,,,,,,
3/27/2013,742.61,71.98,454.31,,,,,,
3/28/2013,710.82,68.9,434.86,,,,,,
4/1/2013,685.12,66.41,419.14,,,,,,
4/2/2013,686.62,66.55,420.05,,,,,,
4/3/2013,692.66,67.14,423.74,,,,,,
4/4/2013,686.9,66.58,420.22,,,,,,
4/5/2013,686.01,66.49,419.39,,,,,,
4/8/2013,691.43,67.02,422.27,,,,,,
4/9/2013,695.17,67.38,423.97,,,,,,
4/10/2013,694.51,67.32,423.01,,,,,,
4/11/2013,695.11,67.37,422.63,,,,,,
4/12/2013,703.43,68.18,427.69,,,,,,
4/15/2013,689.04,66.78,418.94,,,,,,
4/16/2013,698.8,67.73,424.87,,,,,,
4/17/2013,699.64,67.81,425.38,,,,,,
4/18/2013,695.95,67.45,423.14,,,,,,
4/19/2013,699.03,67.75,425.01,,,,,,
4/22/2013,691.5,67.02,420.43,,,,,,
4/23/2013,684.02,66.3,415.88,,,,,,
4/24/2013,681.25,66.03,414.2,,,,,,
4/25/2013,689.67,66.84,419.32,,,,,,
4/26/2013,685.93,66.48,417.04,,,,,,
4/29/2013,709.63,68.78,431.45,,,,,,
4/30/2013,711.26,68.94,432.44,,,,,,
5/1/2013,702.11,68.05,426.88,,,,,,
5/2/2013,712.43,69.05,433.15,,,,,,
5/3/2013,711.79,68.99,432.76,,,,,,
5/6/2013,698.32,67.68,424.57,,,,,,
5/7/2013,701.55,67.99,426.53,,,,,,
5/8/2013,699.27,67.77,425.15,,,,,,
5/9/2013,711.83,68.99,432.78,,,,,,
5/10/2013,699.46,67.79,425.26,,,,,,
5/13/2013,708.98,68.71,431.05,,,,,,
5/14/2013,707.18,68.54,429.95,,,,,,
5/15/2013,700.63,67.91,425.97,,,,,,
5/16/2013,696.01,67.46,423.16,,,,,,
5/17/2013,700.45,67.89,425.86,,,,,,
5/20/2013,700.58,67.9,425.94,,,,,,
5/21/2013,695.99,67.45,423.15,,,,,,
5/22/2013,703.8,68.21,427.9,,,,,,
5/23/2013,708.91,68.71,431,,,,,,
5/24/2013,702.85,68.12,427.31,,,,,,
5/28/2013,707.3,68.55,430.02,,,,,,
5/29/2013,707.92,68.61,430.4,,,,,,
5/30/2013,701.92,68.03,426.75,,,,,,
5/31/2013,706.95,68.52,429.81,,,,,,
6/3/2013,709.6,68.77,431.42,,,,,,
6/4/2013,711.94,69,432.83,,,,,,
6/5/2013,709.77,68.79,431.52,,,,,,
6/6/2013,710.99,68.91,432.26,,,,,,
6/7/2013,710.93,68.9,427.36,,,,,,
6/10/2013,703.23,68.15,417.96,,,,,,
6/11/2013,709.48,68.76,416.36,,,,,,
6/12/2013,702.03,68.04,406.57,,,,,,
6/13/2013,699.82,67.82,400.1,,,,,,
6/14/2013,700.35,67.88,400.41,,,,,,
6/17/2013,701.51,67.99,401.07,,,,,,
6/18/2013,705.81,68.4,403.53,,,,,,
6/19/2013,721.83,69.96,412.69,,,,,,
6/20/2013,708.37,68.65,404.98,,,,,,
6/21/2013,705.02,68.33,403.07,,,,,,
6/24/2013,695.46,67.4,397.6,,,,,,
6/25/2013,696.21,67.47,398.03,,,,,,
6/26/2013,691.53,67.02,395.36,,,,,,
6/27/2013,689.29,66.8,394.08,,,,,,
6/28/2013,672.97,65.22,384.74,,,,,,
7/1/2013,665.91,64.54,380.71,,,,,,
7/2/2013,666.66,64.61,381.13,,,,,,
7/3/2013,668.81,64.82,382.36,,,,,,
7/5/2013,661.33,64.09,378.09,,,,,,
7/8/2013,668.12,64.75,381.96,,,,,,
7/9/2013,681.68,66.06,389.72,,,,,,
7/10/2013,683.83,66.27,390.95,,,,,,
7/11/2013,686.68,66.55,392.57,,,,,,
7/12/2013,676.49,65.56,386.75,,,,,,
7/15/2013,671.82,65.11,384.08,,,,,,
7/16/2013,677.25,65.63,387.18,,,,,,
7/17/2013,673.75,65.29,385.18,,,,,,
7/18/2013,673.14,65.24,384.83,,,,,,
7/19/2013,676.5,65.56,386.75,,,,,,
7/22/2013,676.39,65.55,386.69,,,,,,
7/23/2013,664.98,64.44,380.16,,,,,,
7/24/2013,657.4,63.71,375.83,,,,,,
7/25/2013,650.37,63.03,371.81,,,,,,
7/26/2013,648.72,62.87,370.86,,,,,,
7/29/2013,648.21,62.82,370.58,,,,,,
7/30/2013,650.17,63.01,371.7,,,,,,
7/31/2013,654.3,63.41,374.06,,,,,,
8/1/2013,646.2,62.62,369.42,,,,,,
8/2/2013,641.55,62.17,366.77,,,,,,
8/5/2013,634.94,61.53,362.98,,,,,,
8/6/2013,635.96,61.63,363.57,,,,,,
8/7/2013,636.17,61.65,363.74,,,,,,
8/8/2013,640.28,62.05,365.95,,,,,,
8/9/2013,636.13,61.65,363.54,,,,,,
8/12/2013,645.86,62.59,369.26,,,,,,
8/13/2013,638.55,61.88,365.21,,,,,,
8/14/2013,643.51,62.36,368.04,,,,,,
8/15/2013,653.84,63.36,373.95,,,,,,
8/16/2013,648.17,62.81,370.7,,,,,,
8/19/2013,661.1,64.07,378.1,,,,,,
8/20/2013,650.43,63.03,372,,,,,,
8/21/2013,651.25,63.11,372.47,,,,,,
8/22/2013,640.07,62.03,366.07,,,,,,
8/23/2013,648.35,62.83,370.8,,,,,,
8/26/2013,672.62,65.18,384.68,,,,,,
8/27/2013,663.25,64.27,379.33,,,,,,
8/28/2013,660.66,64.02,377.84,,,,,,
8/29/2013,658.06,63.77,376.36,,,,,,
8/30/2013,656.65,63.63,375.55,,,,,,
9/3/2013,655.38,63.51,374.82,,,,,,
9/4/2013,649.58,62.95,371.5,,,,,,
9/5/2013,646.7,62.67,369.86,,,,,,
9/6/2013,653.4,63.32,373.69,,,,,,
9/9/2013,649.75,62.97,371.83,,,,,,
9/10/2013,654.24,63.4,374.61,,,,,,
9/11/2013,657,63.67,376.41,,,,,,
9/12/2013,660.49,64.01,378.67,,,,,,
9/13/2013,652.73,63.25,374.5,,,,,,
9/16/2013,647.49,62.75,371.49,,,,,,
9/17/2013,645.17,62.52,370.16,,,,,,
9/18/2013,648.5,62.84,372.07,,,,,,
9/19/2013,652.6,63.24,374.42,,,,,,
9/20/2013,643.64,62.37,369.28,,,,,,
9/23/2013,646.13,62.61,370.71,,,,,,
9/24/2013,647.32,62.73,371.39,,,,,,
9/25/2013,654.92,63.47,375.75,,,,,,
9/26/2013,657.72,63.74,377.36,,,,,,
9/27/2013,657.03,63.67,376.96,,,,,,
9/30/2013,650.14,63,373.01,,,,,,
10/1/2013,649.1,62.9,372.41,,,,,,
10/2/2013,652.25,63.21,374.22,,,,,,
10/3/2013,654.95,63.47,375.77,,,,,,
10/4/2013,655.89,63.56,376.31,,,,,,
10/7/2013,659.28,63.89,378.26,,,,,,
10/8/2013,655.76,63.55,376.23,,,,,,
10/9/2013,654.95,63.47,375.72,,,,,,
10/10/2013,652.24,63.21,374.14,,,,,,
10/11/2013,651.87,63.17,373.92,,,,,,
10/14/2013,654.45,63.42,375.4,,,,,,
10/15/2013,653.15,63.29,374.65,,,,,,
10/16/2013,652.92,63.27,374.52,,,,,,
10/17/2013,655.97,63.57,376.27,,,,,,
10/18/2013,662.44,64.19,379.97,,,,,,
10/21/2013,661.91,64.14,379.67,,,,,,
10/22/2013,659.72,63.93,378.41,,,,,,
10/23/2013,660.11,63.97,378.64,,,,,,
10/24/2013,655.22,63.49,375.83,,,,,,
10/25/2013,652.55,63.23,374.3,,,,,,
10/28/2013,642.73,62.28,368.66,,,,,,
10/29/2013,641.22,62.14,367.8,,,,,,
10/30/2013,638.61,61.88,366.3,,,,,,
10/31/2013,634.11,61.45,363.72,,,,,,
11/1/2013,631.26,61.17,362.08,,,,,,
11/4/2013,629.51,61,361.08,,,,,,
11/5/2013,626.61,60.72,359.41,,,,,,
11/6/2013,624.39,60.5,358.14,,,,,,
11/7/2013,624.81,60.54,359.38,,,,,,
11/8/2013,629.21,60.97,362.96,,,,,,
11/11/2013,630.58,61.1,364.72,,,,,,
11/12/2013,630.98,61.14,365.84,,,,,,
11/13/2013,629.2,60.97,365.64,,,,,,
11/14/2013,626.39,60.7,364.01,,,,,,
11/15/2013,621.7,60.24,361.28,,,,,,
11/18/2013,619.13,59.99,359.79,,,,,,
11/19/2013,621.13,60.19,360.95,,,,,,
11/20/2013,620.04,60.08,360.32,,,,,,
11/21/2013,622.93,60.36,362,,,,,,
11/22/2013,624.45,60.51,362.88,,,,,,
11/25/2013,627.36,60.79,364.57,,,,,,
11/26/2013,624.32,60.49,362.8,,,,,,
11/27/2013,625.27,60.59,363.35,,,,,,
11/29/2013,628.48,60.9,365.21,,,,,,
12/2/2013,623.94,60.46,362.57,,,,,,
12/3/2013,627.4,60.79,364.58,,,,,,
12/4/2013,627.56,60.81,364.68,,,,,,
12/5/2013,622.98,60.36,362.01,,,,,,
12/6/2013,623.67,60.43,362.25,,,,,,
12/9/2013,626.16,60.67,363.5,,,,,,
12/10/2013,623.1,60.37,361.53,,,,,,
12/11/2013,625.84,60.64,362.95,,,,,,
12/12/2013,620.36,60.11,359.64,,,,,,
12/13/2013,616.72,59.76,357.52,,,,,,
12/16/2013,615.25,59.61,356.67,,,,,,
12/17/2013,614.87,59.58,356.45,,,,,,
12/18/2013,610.35,59.14,353.83,,,,,,
12/19/2013,613.24,59.42,355.5,,,,,,
12/20/2013,617.83,59.86,358.17,,,,,,
12/23/2013,614.35,59.53,356.15,,,,,,
12/24/2013,614.21,59.51,356.06,,,,,,
12/26/2013,609.49,59.05,353.32,,,,,,
12/27/2013,613,59.39,355.36,,,,,,
12/30/2013,608.11,58.92,352.52,,,,,,
12/31/2013,606.58,58.77,351.63,,,,,,
1/2/2014,600.41,58.17,348.06,,,,,,
1/3/2014,604,58.52,350.13,,,,,,
1/6/2014,607.39,58.85,352.1,,,,,,
1/7/2014,605.8,58.7,351.18,,,,,,
1/8/2014,596.9,57.83,346.03,,,,,,
1/9/2014,592.91,57.45,343.72,,,,,,
1/10/2014,597.4,57.88,346.35,,,,,,
1/13/2014,600.96,58.23,348.44,,,,,,
1/14/2014,602.69,58.39,349.47,,,,,,
1/15/2014,597.68,57.91,346.57,,,,,,
1/16/2014,601.81,58.31,348.96,,,,,,
1/17/2014,597.04,57.85,346.19,,,,,,
1/21/2014,593.98,57.55,344.42,,,,,,
1/22/2014,593.15,57.47,343.94,,,,,,
1/23/2014,596.52,57.79,345.89,,,,,,
1/24/2014,596.19,57.76,345.7,,,,,,
1/27/2014,593.95,57.55,344.4,,,,,,
1/28/2014,595.55,57.7,345.33,,,,,,
1/29/2014,588.54,57.02,341.26,,,,,,
1/30/2014,593.73,57.52,344.27,,,,,,
1/31/2014,598.62,58,347.11,,,,,,
2/3/2014,604.99,58.61,350.8,,,,,,
2/4/2014,616.44,59.72,357.44,,,,,,
2/5/2014,619.89,60.06,359.44,,,,,,
2/6/2014,617.06,59.78,357.8,,,,,,
2/7/2014,617.79,59.85,358.51,,,,,,
2/10/2014,618.61,59.93,359.25,,,,,,
2/11/2014,620.56,60.12,360.6,,,,,,
2/12/2014,620.47,60.11,360.84,,,,,,
2/13/2014,624.02,60.46,363.23,,,,,,
2/14/2014,625.8,60.63,364.26,,,,,,
2/18/2014,637.68,61.78,371.18,,,,,,
2/19/2014,644.44,62.44,375.11,,,,,,
2/20/2014,644.59,62.45,375.2,,,,,,
2/21/2014,644.26,62.42,375.01,,,,,,
2/24/2014,652.77,63.24,379.95,,,,,,
2/25/2014,654.41,63.4,380.91,,,,,,
2/26/2014,651.62,63.13,379.28,,,,,,
2/27/2014,647.09,62.69,376.65,,,,,,
2/28/2014,654.27,63.39,380.83,,,,,,
3/3/2014,668.08,64.72,388.87,,,,,,
3/4/2014,676.49,65.54,393.76,,,,,,
3/5/2014,680.37,65.91,396.02,,,,,,
3/6/2014,687.09,66.57,399.93,,,,,,
3/7/2014,689.43,66.79,401.29,,,,,,
3/10/2014,680.55,65.93,396.12,,,,,,
3/11/2014,686.66,66.52,399.67,,,,,,
3/12/2014,691.1,66.95,402.26,,,,,,
3/13/2014,688.63,66.71,400.82,,,,,,
3/14/2014,688.43,66.7,400.7,,,,,,
3/17/2014,680.77,65.95,396.24,,,,,,
3/18/2014,691.95,67.04,402.75,,,,,,
3/19/2014,699.61,67.78,407.21,,,,,,
3/20/2014,689.52,66.8,401.33,,,,,,
3/21/2014,683.45,66.21,397.8,,,,,,
3/24/2014,694.45,67.28,404.2,,,,,,
3/25/2014,694.37,67.27,404.15,,,,,,
3/26/2014,691.46,66.99,402.46,,,,,,
3/27/2014,700.2,67.83,407.55,,,,,,
3/28/2014,698,67.62,406.26,,,,,,
3/31/2014,703.12,68.12,409.24,,,,,,
4/1/2014,700.06,67.82,407.46,,,,,,
4/2/2014,687.39,66.59,400.09,,,,,,
4/3/2014,692.91,67.13,403.3,,,,,,
4/4/2014,695.43,67.37,404.76,,,,,,
4/7/2014,694.28,67.26,404.76,,,,,,
4/8/2014,702.48,68.05,410.2,,,,,,
4/9/2014,698.53,67.67,408.61,,,,,,
4/10/2014,695.34,67.36,407.48,,,,,,
4/11/2014,690.22,66.87,405.27,,,,,,
4/14/2014,700.12,67.82,411.08,,,,,,
4/15/2014,706.33,68.43,414.73,,,,,,
4/16/2014,702.73,68.08,412.62,,,,,,
4/17/2014,703.84,68.18,413.26,,,,,,
4/21/2014,693.15,67.15,406.99,,,,,,
4/22/2014,699.57,67.77,410.76,,,,,,
4/23/2014,703.77,68.18,413.22,,,,,,
4/24/2014,706.72,68.46,414.96,,,,,,
4/25/2014,713.15,69.09,418.73,,,,,,
4/28/2014,711.47,68.92,417.74,,,,,,
4/29/2014,721.92,69.94,423.88,,,,,,
4/30/2014,721.83,69.93,423.82,,,,,,
5/1/2014,708.44,68.63,415.96,,,,,,
5/2/2014,707.99,68.59,415.7,,,,,,
5/5/2014,714.55,69.22,419.55,,,,,,
5/6/2014,718.34,69.59,421.78,,,,,,
5/7/2014,714.29,69.2,419.4,,,,,,
5/8/2014,716.04,69.37,420.43,,,,,,
5/9/2014,707.88,68.58,415.63,,,,,,
5/12/2014,701.77,67.98,412.04,,,,,,
5/13/2014,704.96,68.29,413.92,,,,,,
5/14/2014,698.5,67.67,410.12,,,,,,
5/15/2014,691.03,66.94,405.74,,,,,,
5/16/2014,684.98,66.36,402.19,,,,,,
5/19/2014,683.6,66.22,401.37,,,,,,
5/20/2014,679.59,65.83,399.02,,,,,,
5/21/2014,680.51,65.92,399.55,,,,,,
5/22/2014,679.96,65.87,399.24,,,,,,
5/23/2014,677.52,65.63,397.8,,,,,,
5/27/2014,666.32,64.55,391.22,,,,,,
5/28/2014,667.21,64.63,391.75,,,,,,
5/29/2014,668.1,64.72,392.27,,,,,,
5/30/2014,663.53,64.28,389.58,,,,,,
6/2/2014,660.76,64.01,387.96,,,,,,
6/3/2014,654.21,63.37,384.11,,,,,,
6/4/2014,652.85,63.24,383.31,,,,,,
6/5/2014,644.75,62.46,378.55,,,,,,
6/6/2014,652.32,63.19,380.43,,,,,,
6/9/2014,646.7,62.65,374.56,,,,,,
6/10/2014,642.86,62.28,369.58,,,,,,
6/11/2014,636.98,61.71,363.64,,,,,,
6/12/2014,635.48,61.56,360.48,,,,,,
6/13/2014,639.58,61.96,362.81,,,,,,
6/16/2014,635.2,61.53,360.32,,,,,,
6/17/2014,632.21,61.24,358.62,,,,,,
6/18/2014,636.84,61.69,361.25,,,,,,
6/19/2014,644.17,62.4,365.41,,,,,,
6/20/2014,645.02,62.48,365.89,,,,,,
6/23/2014,641.03,62.1,363.63,,,,,,
6/24/2014,635.61,61.57,360.55,,,,,,
6/25/2014,637.24,61.73,361.48,,,,,,
6/26/2014,639.94,61.99,363.01,,,,,,
6/27/2014,639.07,61.91,362.51,,,,,,
6/30/2014,616.62,59.73,349.78,,,,,,
7/1/2014,611.02,59.19,346.6,,,,,,
7/2/2014,609.53,59.05,345.76,,,,,,
7/3/2014,608.02,58.9,344.9,,,,,,
7/7/2014,595.09,57.65,337.56,,,,,,
7/8/2014,594.02,57.54,336.95,,,,,,
7/9/2014,586.92,56.85,332.93,,,,,,
7/10/2014,579.65,56.15,328.8,,,,,,
7/11/2014,567.58,54.98,321.96,,,,,,
7/14/2014,574.37,55.64,325.81,,,,,,
7/15/2014,570.54,55.27,323.63,,,,,,
7/16/2014,572.95,55.5,325,,,,,,
7/17/2014,575.85,55.78,326.65,,,,,,
7/18/2014,568.97,55.12,322.74,,,,,,
7/21/2014,565.62,54.79,320.84,,,,,,
7/22/2014,559.9,54.24,317.6,,,,,,
7/23/2014,565.53,54.78,320.79,,,,,,
7/24/2014,564.87,54.72,320.42,,,,,,
7/25/2014,568.08,55.03,322.24,,,,,,
7/28/2014,571.06,55.32,323.93,,,,,,
7/29/2014,561.41,54.38,318.45,,,,,,
7/30/2014,561.98,54.44,318.78,,,,,,
7/31/2014,562.73,54.51,319.2,,,,,,
8/1/2014,559.12,54.16,317.15,,,,,,
8/4/2014,566.19,54.85,321.16,,,,,,
8/5/2014,564.72,54.7,320.33,,,,,,
8/6/2014,574.66,55.67,325.97,,,,,,
8/7/2014,568.34,55.05,323.51,,,,,,
8/8/2014,562.22,54.46,321.14,,,,,,
8/11/2014,564.19,54.65,323.35,,,,,,
8/12/2014,558.03,54.05,320.81,,,,,,
8/13/2014,555.89,53.85,320.73,,,,,,
8/14/2014,559.35,54.18,322.73,,,,,,
8/15/2014,564.1,54.64,325.47,,,,,,
8/18/2014,559.19,54.17,322.63,,,,,,
8/19/2014,557.87,54.04,321.87,,,,,,
8/20/2014,555.03,53.76,320.23,,,,,,
8/21/2014,558.18,54.07,322.05,,,,,,
8/22/2014,559.85,54.23,323.02,,,,,,
8/25/2014,553.85,53.65,319.55,,,,,,
8/26/2014,557.09,53.96,321.42,,,,,,
8/27/2014,558.24,54.07,322.08,,,,,,
8/28/2014,562.64,54.5,324.62,,,,,,
8/29/2014,558.52,54.1,322.25,,,,,,
9/2/2014,558.42,54.09,322.19,,,,,,
9/3/2014,545.75,52.86,314.87,,,,,,
9/4/2014,538.64,52.18,310.78,,,,,,
9/5/2014,543.21,52.62,313.41,,,,,,
9/8/2014,538.01,52.11,311.46,,,,,,
9/9/2014,533.14,51.64,309.66,,,,,,
9/10/2014,528.68,51.21,308.11,,,,,,
9/11/2014,523.72,50.73,306.27,,,,,,
9/12/2014,519.4,50.31,304.93,,,,,,
9/15/2014,518.72,50.25,304.53,,,,,,
9/16/2014,517.09,50.09,303.57,,,,,,
9/17/2014,517.88,50.16,304.03,,,,,,
9/18/2014,510.38,49.44,299.63,,,,,,
9/19/2014,501.58,48.59,294.46,,,,,,
9/22/2014,498.67,48.3,292.75,,,,,,
9/23/2014,497.34,48.17,291.97,,,,,,
9/24/2014,501.82,48.61,294.6,,,,,,
9/25/2014,496.82,48.12,291.66,,,,,,
9/26/2014,497.4,48.18,292.01,,,,,,
9/29/2014,503.15,48.74,295.38,,,,,,
9/30/2014,498.07,48.25,292.4,,,,,,
10/1/2014,498.55,48.29,292.68,,,,,,
10/2/2014,502.02,48.63,294.72,,,,,,
10/3/2014,503.32,48.75,295.48,,,,,,
10/6/2014,517.6,50.14,303.87,,,,,,
10/7/2014,523.95,50.75,307.69,,,,,,
10/8/2014,523.55,50.71,307.55,,,,,,
10/9/2014,520.94,50.46,306.11,,,,,,
10/10/2014,516.3,50.01,303.48,,,,,,
10/13/2014,524.79,50.83,308.56,,,,,,
10/14/2014,532.91,51.62,313.33,,,,,,
10/15/2014,525.18,50.87,308.79,,,,,,
10/16/2014,531.77,51.51,312.66,,,,,,
10/17/2014,526.73,51.02,309.7,,,,,,
10/20/2014,523,50.66,307.51,,,,,,
10/21/2014,528.41,51.18,310.69,,,,,,
10/22/2014,526.4,50.99,309.5,,,,,,
10/23/2014,532.17,51.55,312.9,,,,,,
10/24/2014,526.16,50.97,309.36,,,,,,
10/27/2014,531.85,51.52,312.71,,,,,,
10/28/2014,535.72,51.89,314.98,,,,,,
10/29/2014,545.54,52.84,320.76,,,,,,
10/30/2014,541.6,52.46,318.44,,,,,,
10/31/2014,542.11,52.51,318.74,,,,,,
11/3/2014,539.32,52.24,317.1,,,,,,
11/4/2014,530.73,51.41,312.05,,,,,,
11/5/2014,530.99,51.43,312.2,,,,,,
11/6/2014,530.59,51.39,311.96,,,,,,
11/7/2014,529.45,51.28,312.19,,,,,,
11/10/2014,528.5,51.19,312.47,,,,,,
11/11/2014,538.81,52.19,319.23,,,,,,
11/12/2014,542.92,52.59,322.34,,,,,,
11/13/2014,546.93,52.98,325.37,,,,,,
11/14/2014,544.57,52.75,323.96,,,,,,
11/17/2014,540.57,52.36,321.58,,,,,,
11/18/2014,536.94,52.01,319.42,,,,,,
11/19/2014,530.91,51.42,315.83,,,,,,
11/20/2014,538.11,52.12,320.12,,,,,,
11/21/2014,540.5,52.35,321.54,,,,,,
11/24/2014,536.65,51.98,319.25,,,,,,
11/25/2014,544.3,52.72,323.8,,,,,,
11/26/2014,547.71,53.05,325.83,,,,,,
11/28/2014,544.49,52.74,323.91,,,,,,
12/1/2014,552.66,53.53,328.77,,,,,,
12/2/2014,543.4,52.63,323.26,,,,,,
12/3/2014,539.85,52.29,321.15,,,,,,
12/4/2014,544.41,52.73,323.86,,,,,,
12/5/2014,548.77,53.15,326.53,,,,,,
12/8/2014,548.79,53.16,326.6,,,,,,
12/9/2014,549.1,53.19,326.86,,,,,,
12/10/2014,545.34,52.82,324.7,,,,,,
12/11/2014,550.49,53.32,327.84,,,,,,
12/12/2014,555.4,53.8,330.77,,,,,,
12/15/2014,559.39,54.18,333.14,,,,,,
12/16/2014,556.89,53.94,331.65,,,,,,
12/17/2014,564.34,54.66,336.09,,,,,,
12/18/2014,569.6,55.17,339.22,,,,,,
12/19/2014,563.16,54.55,335.38,,,,,,
12/22/2014,562.22,54.46,334.82,,,,,,
12/23/2014,564.94,54.72,336.44,,,,,,
12/24/2014,554.91,53.75,330.47,,,,,,
12/26/2014,558.32,54.08,332.5,,,,,,
12/29/2014,557.56,54,332.05,,,,,,
12/30/2014,551.33,53.4,328.33,,,,,,
12/31/2014,541.47,52.45,322.46,,,,,,
1/2/2015,534.32,51.75,318.2,,,,,,
1/5/2015,546.25,52.91,325.31,,,,,,
1/6/2015,551.07,53.38,328.17,,,,,,
1/7/2015,544.62,52.75,324.33,,,,,,
1/8/2015,540.97,52.4,322.16,,,,,,
1/9/2015,543.22,52.61,323.49,,,,,,
1/12/2015,536.29,51.94,319.37,,,,,,
1/13/2015,527.92,51.13,314.38,,,,,,
1/14/2015,524.24,50.78,312.17,,,,,,
1/15/2015,522.11,50.57,310.91,,,,,,
1/16/2015,523.39,50.69,311.67,,,,,,
1/20/2015,524.2,50.77,312.15,,,,,,
1/21/2015,522.73,50.63,311.28,,,,,,
1/22/2015,518.83,50.25,308.95,,,,,,
1/23/2015,515.85,49.96,307.18,,,,,,
1/26/2015,514.63,49.84,306.45,,,,,,
1/27/2015,512.82,49.67,305.37,,,,,,
1/28/2015,506.02,49.01,301.33,,,,,,
1/29/2015,503.38,48.76,299.75,,,,,,
1/30/2015,500.91,48.52,298.28,,,,,,
2/2/2015,496.37,48.08,295.57,,,,,,
2/3/2015,512.27,49.62,305.05,,,,,,
2/4/2015,509.87,49.38,303.61,,,,,,
2/5/2015,515.43,49.92,306.93,,,,,,
2/6/2015,515.85,49.96,307.78,,,,,,
2/9/2015,521.09,50.47,311.45,,,,,,
2/10/2015,514.81,49.86,308.23,,,,,,
2/11/2015,514.97,49.88,308.7,,,,,,
2/12/2015,516.12,49.99,309.74,,,,,,
2/13/2015,520.81,50.44,312.56,,,,,,
2/17/2015,523.97,50.75,314.46,,,,,,
2/18/2015,518.33,50.2,311.07,,,,,,
2/19/2015,517.81,50.15,310.76,,,,,,
2/20/2015,511.01,49.49,306.68,,,,,,
2/23/2015,506.12,49.02,303.74,,,,,,
2/24/2015,508.08,49.21,304.92,,,,,,
2/25/2015,502.59,48.68,301.62,,,,,,
2/26/2015,506.68,49.07,304.08,,,,,,
2/27/2015,511.1,49.5,306.73,,,,,,
3/2/2015,502.97,48.72,301.85,,,,,,
3/3/2015,502.6,48.68,301.63,,,,,,
3/4/2015,498.78,48.31,299.34,,,,,,
3/5/2015,494.06,47.85,296.5,,,,,,
3/6/2015,493.66,47.81,296.26,,,,,,
3/9/2015,495.78,48.02,297.53,,,,,,
3/10/2015,493.39,47.79,296.1,,,,,,
3/11/2015,495.95,48.03,297.63,,,,,,
3/12/2015,497.72,48.21,298.7,,,,,,
3/13/2015,488.84,47.35,293.37,,,,,,
3/16/2015,493.49,47.8,296.16,,,,,,
3/17/2015,485.85,47.06,291.58,,,,,,
3/18/2015,491.55,47.61,294.99,,,,,,
3/19/2015,491.4,47.59,294.91,,,,,,
3/20/2015,501.88,48.61,301.19,,,,,,
3/23/2015,506.33,49.04,303.86,,,,,,
3/24/2015,502.54,48.67,301.59,,,,,,
3/25/2015,502.14,48.63,301.35,,,,,,
3/26/2015,494.32,47.88,296.66,,,,,,
3/27/2015,494.88,47.93,296.99,,,,,,
3/30/2015,499.69,48.4,299.88,,,,,,
3/31/2015,489.07,47.37,293.5,,,,,,
4/1/2015,498.67,48.3,299.26,,,,,,
4/2/2015,505.77,48.99,303.53,,,,,,
4/6/2015,503.57,48.77,302.2,,,,,,
4/7/2015,502.03,48.62,301.28,,,,,,
4/8/2015,500.39,48.46,300.67,,,,,,
4/9/2015,495.5,47.99,298.15,,,,,,
4/10/2015,495.87,48.03,298.79,,,,,,
4/13/2015,486.82,47.15,293.68,,,,,,
4/14/2015,488.5,47.31,295.08,,,,,,
4/15/2015,487.13,47.18,294.25,,,,,,
4/16/2015,489.79,47.44,295.85,,,,,,
4/17/2015,489.56,47.41,295.71,,,,,,
4/20/2015,489.55,47.41,295.71,,,,,,
4/21/2015,487.01,47.17,294.17,,,,,,
4/22/2015,486.96,47.16,294.14,,,,,,
4/23/2015,490.32,47.49,296.17,,,,,,
4/24/2015,485.13,46.98,293.04,,,,,,
4/27/2015,479.52,46.44,289.65,,,,,,
4/28/2015,480.63,46.55,290.32,,,,,,
4/29/2015,485.02,46.97,292.97,,,,,,
4/30/2015,481.06,46.59,290.58,,,,,,
5/1/2015,476.19,46.12,287.64,,,,,,
5/4/2015,474.55,45.96,286.65,,,,,,
5/5/2015,475.57,46.06,287.26,,,,,,
5/6/2015,479.26,46.42,289.49,,,,,,
5/7/2015,475.62,46.06,287.29,,,,,,
5/8/2015,481.35,46.62,290.75,,,,,,
5/11/2015,480.14,46.5,290.02,,,,,,
5/12/2015,478.92,46.38,289.28,,,,,,
5/13/2015,478.02,46.3,288.74,,,,,,
5/14/2015,489.33,47.39,295.57,,,,,,
5/15/2015,488.04,47.27,294.79,,,,,,
5/18/2015,491.46,47.6,296.86,,,,,,
5/19/2015,484.65,46.94,292.74,,,,,,
5/20/2015,482.32,46.71,291.34,,,,,,
5/21/2015,484.47,46.92,292.63,,,,,,
5/22/2015,478.04,46.3,288.75,,,,,,
5/26/2015,468.88,45.41,283.22,,,,,,
5/27/2015,464.57,44.99,280.61,,,,,,
5/28/2015,467.11,45.24,282.15,,,,,,
5/29/2015,464.26,44.96,280.43,,,,,,
6/1/2015,469.37,45.46,283.51,,,,,,
6/2/2015,479.29,46.42,289.5,,,,,,
6/3/2015,478.42,46.33,288.98,,,,,,
6/4/2015,484.91,46.96,292.9,,,,,,
6/5/2015,480.22,46.51,290.53,,,,,,
6/8/2015,486.63,47.13,294.95,,,,,,
6/9/2015,487.92,47.25,296.26,,,,,,
6/10/2015,479.9,46.48,291.9,,,,,,
6/11/2015,472.97,45.81,288.16,,,,,,
6/12/2015,471.39,45.65,287.2,,,,,,
6/15/2015,463.1,44.85,282.15,,,,,,
6/16/2015,468.21,45.35,285.26,,,,,,
6/17/2015,471.32,45.65,287.15,,,,,,
6/18/2015,470.42,45.56,286.61,,,,,,
6/19/2015,467.1,45.24,284.58,,,,,,
6/22/2015,476.71,46.17,290.44,,,,,,
6/23/2015,483.53,46.83,294.6,,,,,,
6/24/2015,483.92,46.87,294.83,,,,,,
6/25/2015,493.47,47.79,300.65,,,,,,
6/26/2015,506.83,49.09,308.79,,,,,,
6/29/2015,510.13,49.41,310.8,,,,,,
6/30/2015,536.05,51.92,326.59,,,,,,
7/1/2015,527.45,51.08,321.35,,,,,,
7/2/2015,529.55,51.29,322.63,,,,,,
7/6/2015,528.41,51.17,321.93,,,,,,
7/7/2015,520.66,50.42,317.21,,,,,,
7/8/2015,519.09,50.27,316.26,,,,,,
7/9/2015,522.12,50.57,318.1,,,,,,
7/10/2015,526.09,50.95,320.52,,,,,,
7/13/2015,529.57,51.29,322.64,,,,,,
7/14/2015,525.1,50.85,319.92,,,,,,
7/15/2015,521.74,50.53,317.87,,,,,,
7/16/2015,519.53,50.32,316.52,,,,,,
7/17/2015,512.31,49.62,312.13,,,,,,
7/20/2015,498.26,48.25,303.56,,,,,,
7/21/2015,496.51,48.09,302.5,,,,,,
7/22/2015,491.9,47.64,299.69,,,,,,
7/23/2015,491.66,47.62,299.54,,,,,,
7/24/2015,482.63,46.74,294.04,,,,,,
7/27/2015,469.58,45.48,286.09,,,,,,
7/28/2015,473.64,45.87,288.56,,,,,,
7/29/2015,468.46,45.37,285.41,,,,,,
7/30/2015,470.54,45.57,286.67,,,,,,
7/31/2015,469.39,45.46,285.97,,,,,,
8/3/2015,465.63,45.09,283.68,,,,,,
8/4/2015,466.11,45.14,283.97,,,,,,
8/5/2015,469.59,45.48,286.09,,,,,,
8/6/2015,467.07,45.23,284.56,,,,,,
8/7/2015,471.44,45.66,288.03,,,,,,
8/10/2015,485.06,46.98,297.13,,,,,,
8/11/2015,474.29,45.93,291.34,,,,,,
8/12/2015,458.09,44.36,282.2,,,,,,
8/13/2015,466.62,45.19,288.31,,,,,,
8/14/2015,467.38,45.26,288.78,,,,,,
8/17/2015,464.81,45.01,287.19,,,,,,
8/18/2015,463.69,44.9,286.5,,,,,,
8/19/2015,462.06,44.75,285.49,,,,,,
8/20/2015,467.45,45.27,288.82,,,,,,
8/21/2015,459.92,44.54,284.17,,,,,,
8/24/2015,457.98,44.35,282.97,,,,,,
8/25/2015,455.04,44.07,281.15,,,,,,
8/26/2015,451.08,43.68,278.7,,,,,,
8/27/2015,454.94,44.06,281.09,,,,,,
8/28/2015,453.44,43.91,280.16,,,,,,
8/31/2015,453.14,43.88,279.97,,,,,,
9/1/2015,449.12,43.49,277.49,,,,,,
9/2/2015,446.08,43.2,275.61,,,,,,
9/3/2015,442.95,42.89,273.68,,,,,,
9/4/2015,443.89,42.99,274.25,,,,,,
9/8/2015,448.79,43.46,277.73,,,,,,
9/9/2015,448.94,43.47,278.25,,,,,,
9/10/2015,451.18,43.69,280.07,,,,,,
9/11/2015,458.17,44.37,284.77,,,,,,
9/14/2015,465.61,45.09,289.79,,,,,,
9/15/2015,462.7,44.81,287.98,,,,,,
9/16/2015,459.53,44.5,286.01,,,,,,
9/17/2015,454.93,44.05,283.14,,,,,,
9/18/2015,450.84,43.66,280.59,,,,,,
9/21/2015,456.3,44.19,283.99,,,,,,
9/22/2015,452.22,43.79,281.45,,,,,,
9/23/2015,456.59,44.21,284.17,,,,,,
9/24/2015,455.3,44.09,283.37,,,,,,
9/25/2015,465.51,45.08,289.72,,,,,,
9/28/2015,462.09,44.75,287.6,,,,,,
9/29/2015,463.56,44.89,288.51,,,,,,
9/30/2015,467.06,45.23,290.69,,,,,,
10/1/2015,468.79,45.39,291.76,,,,,,
10/2/2015,468.65,45.38,291.68,,,,,,
10/5/2015,473.6,45.86,294.76,,,,,,
10/6/2015,478.69,46.35,297.93,,,,,,
10/7/2015,476.55,46.15,296.64,,,,,,
10/8/2015,473.09,45.81,294.54,,,,,,
10/9/2015,471.63,45.67,293.69,,,,,,
10/12/2015,470.82,45.59,293.24,,,,,,
10/13/2015,477.67,46.25,297.56,,,,,,
10/14/2015,473.54,45.85,294.98,,,,,,
10/15/2015,470.18,45.53,292.89,,,,,,
10/16/2015,466.53,45.18,290.62,,,,,,
10/19/2015,462.2,44.76,287.92,,,,,,
10/20/2015,465.25,45.05,289.82,,,,,,
10/21/2015,468.07,45.33,291.58,,,,,,
10/22/2015,465.64,45.09,290.06,,,,,,
10/23/2015,464.28,44.96,289.22,,,,,,
10/26/2015,470.47,45.56,293.08,,,,,,
10/27/2015,468.8,45.4,292.03,,,,,,
10/28/2015,467.32,45.25,291.11,,,,,,
10/29/2015,470.17,45.53,292.88,,,,,,
10/30/2015,473.93,45.89,295.23,,,,,,
11/2/2015,469.73,45.49,292.61,,,,,,
11/3/2015,474.39,45.94,295.51,,,,,,
11/4/2015,473.46,45.85,294.93,,,,,,
11/5/2015,469.86,45.5,292.69,,,,,,
11/6/2015,467.24,45.24,291.67,,,,,,
11/9/2015,458.16,44.36,286.7,,,,,,
11/10/2015,454.21,43.98,284.92,,,,,,
11/11/2015,456.62,44.21,287.01,,,,,,
11/12/2015,457.91,44.34,288.41,,,,,,
11/13/2015,455.16,44.07,286.67,,,,,,
11/16/2015,456.94,44.25,287.79,,,,,,
11/17/2015,454.38,44,286.18,,,,,,
11/18/2015,451.77,43.74,284.53,,,,,,
11/19/2015,457.51,44.3,288.15,,,,,,
11/20/2015,457.85,44.33,288.36,,,,,,
11/23/2015,460.59,44.6,290.08,,,,,,
11/24/2015,456.42,44.19,287.46,,,,,,
11/25/2015,458.84,44.43,288.98,,,,,,
11/27/2015,454.99,44.05,286.55,,,,,,
11/30/2015,455.51,44.1,286.88,,,,,,
12/1/2015,458.17,44.36,288.55,,,,,,
12/2/2015,455.93,44.14,287.14,,,,,,
12/3/2015,463.78,44.9,292.08,,,,,,
12/4/2015,467.97,45.31,294.72,,,,,,
12/7/2015,461.47,44.68,290.66,,,,,,
12/8/2015,459.02,44.44,289.15,,,,,,
12/9/2015,462.27,44.76,291.23,,,,,,
12/10/2015,463.19,44.84,291.84,,,,,,
12/11/2015,458.89,44.43,289.16,,,,,,
12/14/2015,460.68,44.6,290.28,,,,,,
12/15/2015,459.77,44.51,289.71,,,,,,
12/16/2015,453.68,43.92,285.87,,,,,,
12/17/2015,456.53,44.2,287.66,,,,,,
12/18/2015,460.61,44.59,290.23,,,,,,
12/21/2015,456.63,44.21,287.72,,,,,,
12/22/2015,452.76,43.83,285.27,,,,,,
12/23/2015,452.32,43.79,285,,,,,,
12/24/2015,450.52,43.61,283.86,,,,,,
12/28/2015,446.91,43.26,281.57,,,,,,
12/29/2015,450.61,43.62,283.91,,,,,,
12/30/2015,450.11,43.57,283.59,,,,,,
12/31/2015,450.1,43.57,283.58,,,,,,
1/4/2016,441.51,42.74,278.16,,,,,,
1/5/2016,441.17,42.7,277.94,,,,,,
1/6/2016,440.45,42.63,277.49,,,,,,
1/7/2016,442.12,42.8,278.54,,,,,,
1/8/2016,445.38,43.11,280.59,,,,,,
1/11/2016,438.34,42.43,276.15,,,,,,
1/12/2016,444.15,42.99,279.82,,,,,,
1/13/2016,446.24,43.19,281.13,,,,,,
1/14/2016,445.56,43.13,280.7,,,,,,
1/15/2016,448.25,43.39,282.39,,,,,,
1/19/2016,450.58,43.61,283.85,,,,,,
1/20/2016,445.52,43.12,280.66,,,,,,
1/21/2016,448.03,43.36,282.24,,,,,,
1/22/2016,449.5,43.51,283.17,,,,,,
1/25/2016,449.31,43.49,283.04,,,,,,
1/26/2016,449.28,43.48,283.02,,,,,,
1/27/2016,445.84,43.15,280.85,,,,,,
1/28/2016,441.56,42.74,278.15,,,,,,
1/29/2016,445.72,43.14,280.77,,,,,,
2/1/2016,444.28,43,279.86,,,,,,
2/2/2016,445.91,43.16,280.88,,,,,,
2/3/2016,445.77,43.14,280.79,,,,,,
2/4/2016,441.81,42.76,278.29,,,,,,
2/5/2016,439.44,42.53,277.25,,,,,,
2/8/2016,435.71,42.17,275.39,,,,,,
2/9/2016,434.16,42.01,274.92,,,,,,
2/10/2016,434.5,42.05,275.63,,,,,,
2/11/2016,433.05,41.91,275.22,,,,,,
2/12/2016,433.35,41.94,275.41,,,,,,
2/16/2016,437.6,42.35,278.1,,,,,,
2/17/2016,440.23,42.6,279.77,,,,,,
2/18/2016,437.3,42.32,277.9,,,,,,
2/19/2016,435.83,42.17,276.97,,,,,,
2/22/2016,437.18,42.3,277.82,,,,,,
2/23/2016,435.72,42.16,276.89,,,,,,
2/24/2016,433.2,41.92,275.29,,,,,,
2/25/2016,433.21,41.92,275.29,,,,,,
2/26/2016,430.92,41.7,273.83,,,,,,
2/29/2016,431.19,41.72,273.99,,,,,,
3/1/2016,428.36,41.45,272.2,,,,,,
3/2/2016,431.09,41.71,273.93,,,,,,
3/3/2016,435.17,42.1,276.52,,,,,,
3/4/2016,438.65,42.44,278.73,,,,,,
3/7/2016,439.25,42.5,279.1,,,,,,
3/8/2016,440.92,42.66,280.16,,,,,,
3/9/2016,440.92,42.66,280.16,,,,,,
3/10/2016,445.44,43.1,283.03,,,,,,
3/11/2016,448.5,43.39,284.96,,,,,,
3/14/2016,452.7,43.8,287.63,,,,,,
3/15/2016,451.18,43.65,286.66,,,,,,
3/16/2016,450.89,43.62,286.47,,,,,,
3/17/2016,451.83,43.71,287.07,,,,,,
3/18/2016,450.94,43.62,286.5,,,,,,
3/21/2016,454.15,43.93,288.53,,,,,,
3/22/2016,456.77,44.19,290.19,,,,,,
3/23/2016,454.31,43.95,288.63,,,,,,
3/24/2016,451.26,43.65,286.69,,,,,,
3/28/2016,453.71,43.89,288.23,,,,,,
3/29/2016,455.87,44.1,289.6,,,,,,
3/30/2016,449.97,43.53,285.85,,,,,,
3/31/2016,445.88,43.13,283.25,,,,,,
4/1/2016,447.42,43.28,284.23,,,,,,
4/4/2016,443.92,42.94,282,,,,,,
4/5/2016,443.31,42.88,281.61,,,,,,
4/6/2016,441.25,42.68,280.3,,,,,,
4/7/2016,439.5,42.51,279.76,,,,,,
4/8/2016,443.5,42.9,282.87,,,,,,
4/11/2016,438.57,42.42,280.32,,,,,,
4/12/2016,442.93,42.84,283.68,,,,,,
4/13/2016,450.11,43.54,288.92,,,,,,
4/14/2016,450.06,43.53,288.88,,,,,,
4/15/2016,454.79,43.99,291.92,,,,,,
4/18/2016,461.63,44.65,296.31,,,,,,
4/19/2016,469.83,45.44,301.57,,,,,,
4/20/2016,482.02,46.62,309.39,,,,,,
4/21/2016,476.56,46.09,305.88,,,,,,
4/22/2016,460.53,44.54,295.59,,,,,,
4/25/2016,466.38,45.11,299.34,,,,,,
4/26/2016,473.07,45.75,303.64,,,,,,
4/27/2016,469.98,45.45,301.65,,,,,,
4/28/2016,471.54,45.6,302.65,,,,,,
4/29/2016,475.22,45.96,305.01,,,,,,
5/2/2016,475.67,46,305.29,,,,,,
5/3/2016,465.38,45.01,298.69,,,,,,
5/4/2016,466.18,45.08,299.19,,,,,,
5/5/2016,458.18,44.31,294.06,,,,,,
5/6/2016,461.45,44.63,296.16,,,,,,
5/9/2016,456.65,44.16,293.07,,,,,,
5/10/2016,467.68,45.23,300.15,,,,,,
5/11/2016,467.76,45.23,300.2,,,,,,
5/12/2016,473.88,45.83,304.12,,,,,,
5/13/2016,474.37,45.87,304.43,,,,,,
5/16/2016,476.5,46.08,305.8,,,,,,
5/17/2016,480.68,46.48,308.48,,,,,,
5/18/2016,480.22,46.44,308.18,,,,,,
5/19/2016,471.77,45.62,302.75,,,,,,
5/20/2016,475.23,45.95,304.97,,,,,,
5/23/2016,472.33,45.67,303.11,,,,,,
5/24/2016,472.41,45.68,303.15,,,,,,
5/25/2016,479.89,46.4,307.95,,,,,,
5/26/2016,485.86,46.98,311.78,,,,,,
5/27/2016,488.6,47.24,313.53,,,,,,
5/31/2016,481.19,46.52,308.76,,,,,,
6/1/2016,487.7,47.15,312.94,,,,,,
6/2/2016,497.42,48.09,319.18,,,,,,
6/3/2016,503.73,48.7,323.22,,,,,,
6/6/2016,511.76,49.48,328.36,,,,,,
6/7/2016,513.82,49.68,329.97,,,,,,
6/8/2016,524.35,50.7,337.02,,,,,,
6/9/2016,519.59,50.23,334.34,,,,,,
6/10/2016,515.63,49.85,332.27,,,,,,
6/13/2016,516.02,49.89,333.14,,,,,,
6/14/2016,514.75,49.76,332.32,,,,,,
6/15/2016,511.41,49.44,330.16,,,,,,
6/16/2016,507.55,49.07,327.66,,,,,,
6/17/2016,518.18,50.1,334.53,,,,,,
6/20/2016,509.09,49.21,328.65,,,,,,
6/21/2016,492.84,47.64,318.16,,,,,,
6/22/2016,491.23,47.49,317.11,,,,,,
6/23/2016,487.66,47.14,314.81,,,,,,
6/24/2016,481.64,46.56,310.92,,,,,,
6/27/2016,483.55,46.74,312.14,,,,,,
6/28/2016,487.22,47.1,314.51,,,,,,
6/29/2016,484.46,46.83,312.73,,,,,,
6/30/2016,480.95,46.49,310.46,,,,,,
7/1/2016,476.43,46.05,307.54,,,,,,
7/5/2016,469.45,45.38,303.03,,,,,,
7/6/2016,463.58,44.81,299.23,,,,,,
7/7/2016,455.46,44.02,293.99,,,,,,
7/8/2016,465.34,44.98,300.36,,,,,,
7/11/2016,466.28,45.07,300.96,,,,,,
7/12/2016,471.8,45.6,304.52,,,,,,
7/13/2016,477.57,46.16,308.25,,,,,,
7/14/2016,473.72,45.79,305.76,,,,,,
7/15/2016,466.27,45.07,300.95,,,,,,
7/18/2016,470.39,45.46,303.6,,,,,,
7/19/2016,457.77,44.24,295.45,,,,,,
7/20/2016,452.66,43.75,292.15,,,,,,
7/21/2016,453.87,43.87,292.93,,,,,,
7/22/2016,452.97,43.78,292.34,,,,,,
7/25/2016,452.42,43.72,291.98,,,,,,
7/26/2016,448.71,43.37,289.59,,,,,,
7/27/2016,449.14,43.41,289.86,,,,,,
7/28/2016,444.67,42.97,286.97,,,,,,
7/29/2016,449.63,43.45,290.17,,,,,,
8/1/2016,441.89,42.7,285.17,,,,,,
8/2/2016,439.62,42.48,283.7,,,,,,
8/3/2016,442.6,42.77,285.62,,,,,,
8/4/2016,443.04,42.81,285.9,,,,,,
8/5/2016,451.62,43.64,292.66,,,,,,
8/8/2016,453.04,43.78,294.76,,,,,,
8/9/2016,449.88,43.47,293.88,,,,,,
8/10/2016,446.86,43.18,293.11,,,,,,
8/11/2016,445.5,43.05,293.45,,,,,,
8/12/2016,446.02,43.1,293.79,,,,,,
8/15/2016,449.34,43.42,295.96,,,,,,
8/16/2016,450.51,43.53,296.74,,,,,,
8/17/2016,450.98,43.58,297.04,,,,,,
8/18/2016,453.71,43.84,298.84,,,,,,
8/19/2016,452.14,43.69,297.8,,,,,,
8/22/2016,453.35,43.8,298.59,,,,,,
8/23/2016,451.17,43.59,297.15,,,,,,
8/24/2016,446.95,43.18,294.37,,,,,,
8/25/2016,443.94,42.89,292.38,,,,,,
8/26/2016,437.23,42.24,287.96,,,,,,
8/29/2016,432.12,41.75,284.59,,,,,,
8/30/2016,427.26,41.28,281.39,,,,,,
8/31/2016,424.01,40.97,279.24,,,,,,
9/1/2016,429.06,41.45,282.57,,,,,,
9/2/2016,434.4,41.97,286.08,,,,,,
9/6/2016,436.21,42.14,287.27,,,,,,
9/7/2016,440.61,42.57,290.16,,,,,,
9/8/2016,442.89,42.79,291.95,,,,,,
9/9/2016,441.46,42.65,291.32,,,,,,
9/12/2016,440.47,42.55,290.93,,,,,,
9/13/2016,433.73,41.9,286.72,,,,,,
9/14/2016,434.42,41.97,287.44,,,,,,
9/15/2016,435.41,42.06,288.09,,,,,,
9/16/2016,443.84,42.87,293.67,,,,,,
9/19/2016,447.31,43.21,295.96,,,,,,
9/20/2016,452.13,43.67,299.14,,,,,,
9/21/2016,451.89,43.65,298.98,,,,,,
9/22/2016,450.11,43.48,297.8,,,,,,
9/23/2016,446.28,43.11,295.26,,,,,,
9/26/2016,442.72,42.76,292.9,,,,,,
9/27/2016,447.1,43.19,295.79,,,,,,
9/28/2016,445.8,43.06,294.93,,,,,,
9/29/2016,442.38,42.73,292.67,,,,,,
9/30/2016,445.05,42.99,294.44,,,,,,
10/3/2016,446.61,43.14,295.46,,,,,,
10/4/2016,449.04,43.37,297.07,,,,,,
10/5/2016,451.8,43.64,298.89,,,,,,
10/6/2016,444.23,42.91,293.88,,,,,,
10/7/2016,444.6,42.94,294.2,,,,,,
10/10/2016,447.05,43.18,295.89,,,,,,
10/11/2016,448.52,43.32,296.95,,,,,,
10/12/2016,443.26,42.81,293.55,,,,,,
10/13/2016,452.53,43.7,299.78,,,,,,
10/14/2016,456.93,44.13,302.7,,,,,,
10/17/2016,460.33,44.46,304.94,,,,,,
10/18/2016,458.93,44.32,304.01,,,,,,
10/19/2016,460.86,44.51,305.29,,,,,,
10/20/2016,455.31,43.97,301.6,,,,,,
10/21/2016,455.88,44.02,301.98,,,,,,
10/24/2016,454.35,43.88,300.96,,,,,,
10/25/2016,455.32,43.97,301.6,,,,,,
10/26/2016,459.62,44.38,304.44,,,,,,
10/27/2016,461.73,44.59,305.84,,,,,,
10/28/2016,457.69,44.2,303.16,,,,,,
10/31/2016,455.88,44.02,301.95,,,,,,
11/1/2016,449.66,43.42,297.83,,,,,,
11/2/2016,451.22,43.57,298.86,,,,,,
11/3/2016,450.14,43.46,298.14,,,,,,
11/4/2016,452.56,43.7,299.74,,,,,,
11/7/2016,453.47,43.78,301.4,,,,,,
11/8/2016,456.44,44.07,304.39,,,,,,
11/9/2016,449.08,43.36,300.54,,,,,,
11/10/2016,447.5,43.21,300.55,,,,,,
11/11/2016,444.7,42.94,299.77,,,,,,
11/14/2016,441.41,42.62,297.54,,,,,,
11/15/2016,443.47,42.81,298.92,,,,,,
11/16/2016,439.11,42.39,295.98,,,,,,
11/17/2016,441.57,42.63,297.64,,,,,,
11/18/2016,443.91,42.86,299.21,,,,,,
11/21/2016,448.83,43.33,302.51,,,,,,
11/22/2016,447.97,43.25,301.93,,,,,,
11/23/2016,446.09,43.06,300.66,,,,,,
11/25/2016,445.95,43.05,300.55,,,,,,
11/28/2016,447.19,43.17,301.38,,,,,,
11/29/2016,439.15,42.39,295.96,,,,,,
11/30/2016,436.71,42.15,294.31,,,,,,
12/1/2016,430.07,41.51,289.83,,,,,,
12/2/2016,432.73,41.77,291.62,,,,,,
12/5/2016,437.74,42.25,294.99,,,,,,
12/6/2016,439.66,42.44,296.27,,,,,,
12/7/2016,437.7,42.24,295.07,,,,,,
12/8/2016,435.31,42.01,293.58,,,,,,
12/9/2016,438.25,42.3,295.68,,,,,,
12/12/2016,439.57,42.42,296.7,,,,,,
12/13/2016,437.93,42.26,295.72,,,,,,
12/14/2016,436.28,42.1,294.6,,,,,,
12/15/2016,434.15,41.9,293.15,,,,,,
12/16/2016,433.36,41.82,292.62,,,,,,
12/19/2016,430.16,41.51,290.45,,,,,,
12/20/2016,427.1,41.21,288.38,,,,,,
12/21/2016,425.86,41.09,287.53,,,,,,
12/22/2016,422.78,40.8,285.45,,,,,,
12/23/2016,420.59,40.58,283.97,,,,,,
12/27/2016,430.26,41.52,290.48,,,,,,
12/28/2016,426.74,41.18,288.1,,,,,,
12/29/2016,430.03,41.49,290.31,,,,,,
12/30/2016,431.04,41.59,290.99,,,,,,
1/3/2017,435.17,41.98,293.76,,,,,,
1/4/2017,444.61,42.89,300.13,,,,,,
1/5/2017,446.63,43.09,301.49,,,,,,
1/6/2017,443.31,42.77,299.24,,,,,,
1/9/2017,444.14,42.85,299.79,,,,,,
1/10/2017,445.22,42.95,300.52,,,,,,
1/11/2017,443.03,42.74,299.05,,,,,,
1/12/2017,448.64,43.28,302.84,,,,,,
1/13/2017,448.46,43.26,302.73,,,,,,
1/17/2017,455.06,43.89,307.17,,,,,,
1/18/2017,455.74,43.96,307.63,,,,,,
1/19/2017,451.43,43.54,304.71,,,,,,
1/20/2017,453.75,43.77,306.27,,,,,,
1/23/2017,456.69,44.05,308.25,,,,,,
1/24/2017,452.26,43.62,305.25,,,,,,
1/25/2017,451.77,43.57,304.92,,,,,,
1/26/2017,450.78,43.48,304.24,,,,,,
1/27/2017,449.13,43.32,303.13,,,,,,
1/30/2017,442.97,42.72,298.96,,,,,,
1/31/2017,445.91,43,300.93,,,,,,
2/1/2017,454.87,43.87,306.98,,,,,,
2/2/2017,453.42,43.73,305.99,,,,,,
2/3/2017,452.47,43.63,305.35,,,,,,
2/6/2017,450.49,43.44,304,,,,,,
2/7/2017,452.05,43.59,305.98,,,,,,
2/8/2017,454.87,43.86,308.84,,,,,,
2/9/2017,456.44,44.01,310.89,,,,,,
2/10/2017,459.86,44.34,314.26,,,,,,
2/13/2017,459.46,44.3,315.06,,,,,,
2/14/2017,458.54,44.21,314.43,,,,,,
2/15/2017,462.65,44.61,317.24,,,,,,
2/16/2017,457.59,44.12,313.77,,,,,,
2/17/2017,452.99,43.68,310.61,,,,,,
2/21/2017,453.63,43.73,311.03,,,,,,
2/22/2017,454.83,43.85,311.85,,,,,,
2/23/2017,450.12,43.39,308.61,,,,,,
2/24/2017,446.94,43.09,306.43,,,,,,
2/27/2017,440.49,42.46,301.99,,,,,,
2/28/2017,444.98,42.9,305.06,,,,,,
3/1/2017,453.98,43.76,311.23,,,,,,
3/2/2017,450.92,43.47,309.13,,,,,,
3/3/2017,451.66,43.54,309.63,,,,,,
3/6/2017,450.92,43.46,309.11,,,,,,
3/7/2017,445.47,42.94,305.37,,,,,,
3/8/2017,442.15,42.62,303.08,,,,,,
3/9/2017,437.12,42.13,299.63,,,,,,
3/10/2017,435.63,41.99,298.61,,,,,,
3/13/2017,432.31,41.66,296.31,,,,,,
3/14/2017,432.19,41.65,296.22,,,,,,
3/15/2017,434.33,41.86,297.68,,,,,,
3/16/2017,435.69,41.99,298.61,,,,,,
3/17/2017,436.16,42.03,298.92,,,,,,
3/20/2017,432.28,41.66,296.25,,,,,,
3/21/2017,429.2,41.36,294.13,,,,,,
3/22/2017,427.02,41.15,292.63,,,,,,
3/23/2017,425.97,41.05,291.9,,,,,,
3/24/2017,424.97,40.95,291.21,,,,,,
3/27/2017,423.47,40.8,290.16,,,,,,
3/28/2017,424.34,40.88,290.75,,,,,,
3/29/2017,422.57,40.71,289.53,,,,,,
3/30/2017,419.7,40.43,287.56,,,,,,
3/31/2017,421.98,40.65,289.11,,,,,,
4/3/2017,420.73,40.53,288.24,,,,,,
4/4/2017,417.61,40.23,286.1,,,,,,
4/5/2017,419.13,40.37,287.14,,,,,,
4/6/2017,417.14,40.18,285.77,,,,,,
4/7/2017,417.58,40.22,287.1,,,,,,
4/10/2017,421.19,40.57,290.61,,,,,,
4/11/2017,422.26,40.67,292.41,,,,,,
4/12/2017,422.99,40.74,293.94,,,,,,
4/13/2017,423.1,40.75,294.97,,,,,,
4/17/2017,420.8,40.52,293.34,,,,,,
4/18/2017,420.27,40.47,292.96,,,,,,
4/19/2017,418.15,40.27,291.48,,,,,,
4/20/2017,412.33,39.71,287.42,,,,,,
4/21/2017,412.87,39.76,287.79,,,,,,
4/24/2017,412.73,39.74,287.67,,,,,,
4/25/2017,416.41,40.09,290.23,,,,,,
4/26/2017,411.62,39.63,286.88,,,,,,
4/27/2017,412.33,39.7,287.37,,,,,,
4/28/2017,415,39.96,289.22,,,,,,
5/1/2017,425.75,40.99,296.7,,,,,,
5/2/2017,423.03,40.72,294.79,,,,,,
5/3/2017,423.58,40.78,295.17,,,,,,
5/4/2017,415.73,40.02,289.69,,,,,,
5/5/2017,417.5,40.19,290.92,,,,,,
5/8/2017,414.01,39.85,288.46,,,,,,
5/9/2017,414.01,39.85,288.46,,,,,,
5/10/2017,417.44,40.18,290.84,,,,,,
5/11/2017,416.41,40.08,290.12,,,,,,
5/12/2017,417.97,40.23,291.2,,,,,,
5/15/2017,416.74,40.11,290.32,,,,,,
5/16/2017,416.1,40.04,289.87,,,,,,
5/17/2017,419.17,40.34,292,,,,,,
5/18/2017,412.59,39.7,287.4,,,,,,
5/19/2017,419.02,40.32,291.88,,,,,,
5/22/2017,419.51,40.37,292.19,,,,,,
5/23/2017,413.22,39.76,287.81,,,,,,
5/24/2017,413.14,39.75,287.75,,,,,,
5/25/2017,411.24,39.57,286.42,,,,,,
5/26/2017,411.84,39.62,286.82,,,,,,
5/30/2017,407.34,39.19,283.67,,,,,,
5/31/2017,408.04,39.25,284.14,,,,,,
6/1/2017,405.07,38.97,282.07,,,,,,
6/2/2017,404.25,38.89,281.49,,,,,,
6/5/2017,404.98,38.95,281.98,,,,,,
6/6/2017,407.55,39.2,283.76,,,,,,
6/7/2017,412.9,39.71,288.26,,,,,,
6/8/2017,416.11,40.02,291.27,,,,,,
6/9/2017,416.07,40.02,292.06,,,,,,
6/12/2017,408.88,39.32,287.86,,,,,,
6/13/2017,411.36,39.56,290.45,,,,,,
6/14/2017,408.92,39.32,288.72,,,,,,
6/15/2017,411.31,39.55,290.4,,,,,,
6/16/2017,415.06,39.91,293.04,,,,,,
6/19/2017,412.18,39.63,290.98,,,,,,
6/20/2017,410.7,39.49,289.93,,,,,,
6/21/2017,404.79,38.92,285.75,,,,,,
6/22/2017,398.61,38.32,281.38,,,,,,
6/23/2017,398.14,38.28,281.04,,,,,,
6/26/2017,396.23,38.09,279.66,,,,,,
6/27/2017,398.09,38.27,280.97,,,,,,
6/28/2017,398.4,38.3,281.18,,,,,,
6/29/2017,406.98,39.12,287.23,,,,,,
6/30/2017,421.59,40.52,297.53,,,,,,
7/3/2017,432.79,41.6,305.41,,,,,,
7/5/2017,436.19,41.92,307.79,,,,,,
7/6/2017,432.12,41.53,304.91,,,,,,
7/7/2017,433.83,41.69,306.11,,,,,,
7/10/2017,439.38,42.22,310,,,,,,
7/11/2017,439.62,42.24,310.16,,,,,,
7/12/2017,430.47,41.36,303.69,,,,,,
7/13/2017,418.37,40.2,295.15,,,,,,
7/14/2017,422.48,40.59,298.04,,,,,,
7/17/2017,420.52,40.4,296.63,,,,,,
7/18/2017,421.42,40.49,297.26,,,,,,
7/19/2017,425.27,40.86,299.97,,,,,,
7/20/2017,429.84,41.29,303.18,,,,,,
7/21/2017,424.45,40.77,299.37,,,,,,
7/24/2017,419.72,40.32,296.01,,,,,,
7/25/2017,410.57,39.44,289.55,,,,,,
7/26/2017,414.71,39.83,292.45,,,,,,
7/27/2017,417.88,40.14,294.68,,,,,,
7/28/2017,418.84,40.23,295.35,,,,,,
7/31/2017,417.85,40.13,294.62,,,,,,
8/1/2017,409.35,39.31,288.62,,,,,,
8/2/2017,411.27,39.49,289.96,,,,,,
8/3/2017,407.04,39.09,286.97,,,,,,
8/4/2017,406.56,39.04,286.63,,,,,,
8/7/2017,410.9,39.45,291.25,,,,,,
8/8/2017,409.04,39.27,291.47,,,,,,
8/9/2017,409.88,39.35,293.62,,,,,,
8/10/2017,395.11,37.93,284.6,,,,,,
8/11/2017,396.33,38.05,287.03,,,,,,
8/14/2017,396.08,38.02,286.82,,,,,,
8/15/2017,387.69,37.21,280.74,,,,,,
8/16/2017,384.29,36.89,278.27,,,,,,
8/17/2017,383.79,36.84,277.9,,,,,,
8/18/2017,385.47,37,279.11,,,,,,
8/21/2017,383.59,36.81,277.72,,,,,,
8/22/2017,380.92,36.56,275.78,,,,,,
8/23/2017,380.69,36.53,275.61,,,,,,
8/24/2017,384.16,36.87,278.12,,,,,,
8/25/2017,383.18,36.77,277.4,,,,,,
8/28/2017,382.57,36.71,276.94,,,,,,
8/29/2017,379.89,36.45,274.98,,,,,,
8/30/2017,379.23,36.39,274.5,,,,,,
8/31/2017,386.81,37.11,279.98,,,,,,
9/1/2017,385.74,37.01,279.19,,,,,,
9/5/2017,391.45,37.55,283.3,,,,,,
9/6/2017,393.58,37.76,284.83,,,,,,
9/7/2017,389.14,37.33,281.61,,,,,,
9/8/2017,389.82,37.39,282.34,,,,,,
9/11/2017,388.69,37.28,281.74,,,,,,
9/12/2017,385.93,37.02,279.96,,,,,,
9/13/2017,388.53,37.26,282.05,,,,,,
9/14/2017,390.47,37.45,283.71,,,,,,
9/15/2017,392.96,37.69,285.52,,,,,,
9/18/2017,389.97,37.4,283.32,,,,,,
9/19/2017,386.07,37.02,280.47,,,,,,
9/20/2017,389.72,37.37,283.12,,,,,,
9/21/2017,389.84,37.38,283.2,,,,,,
9/22/2017,391.04,37.5,284.06,,,,,,
9/25/2017,390.13,37.4,283.37,,,,,,
9/26/2017,387.35,37.14,281.35,,,,,,
9/27/2017,389.08,37.3,282.6,,,,,,
9/28/2017,387.03,37.1,281.1,,,,,,
9/29/2017,387.32,37.13,281.3,,,,,,
10/2/2017,384.63,36.87,279.33,,,,,,
10/3/2017,383.58,36.77,278.55,,,,,,
10/4/2017,383.38,36.75,278.4,,,,,,
10/5/2017,384.8,36.88,279.42,,,,,,
10/6/2017,385.35,36.93,279.94,,,,,,
10/9/2017,383.2,36.73,278.48,,,,,,
10/10/2017,383.64,36.77,278.91,,,,,,
10/11/2017,381.97,36.61,277.81,,,,,,
10/12/2017,383.86,36.79,279.3,,,,,,
10/13/2017,388.4,37.22,282.59,,,,,,
10/16/2017,384.59,36.85,279.79,,,,,,
10/17/2017,383.43,36.74,278.94,,,,,,
10/18/2017,382.04,36.6,277.92,,,,,,
10/19/2017,383.59,36.75,279.04,,,,,,
10/20/2017,379.28,36.34,275.9,,,,,,
10/23/2017,384.64,36.85,279.77,,,,,,
10/24/2017,385.72,36.95,280.55,,,,,,
10/25/2017,384.5,36.83,279.65,,,,,,
10/26/2017,382.67,36.66,278.32,,,,,,
10/27/2017,383.47,36.73,278.88,,,,,,
10/30/2017,383.17,36.7,278.65,,,,,,
10/31/2017,380.68,36.46,276.82,,,,,,
11/1/2017,381.11,36.5,277.12,,,,,,
11/2/2017,383.83,36.76,279.09,,,,,,
11/3/2017,382.09,36.59,277.82,,,,,,
11/6/2017,384.72,36.84,279.71,,,,,,
11/7/2017,384.21,36.79,280.55,,,,,,
11/8/2017,385.5,36.91,282.68,,,,,,
11/9/2017,382.84,36.66,281.9,,,,,,
11/10/2017,385.2,36.88,284.84,,,,,,
11/13/2017,382.83,36.65,284.27,,,,,,
11/14/2017,380.94,36.47,282.85,,,,,,
11/15/2017,379.97,36.37,282.12,,,,,,
11/16/2017,379.79,36.36,281.98,,,,,,
11/17/2017,384.08,36.77,285.16,,,,,,
11/20/2017,382.58,36.62,284.01,,,,,,
11/21/2017,382.66,36.62,284.06,,,,,,
11/22/2017,385.29,36.87,286,,,,,,
11/24/2017,384.03,36.75,285.05,,,,,,
11/27/2017,381.47,36.5,283.12,,,,,,
11/28/2017,380.42,36.4,282.33,,,,,,
11/29/2017,383.89,36.73,284.89,,,,,,
11/30/2017,382.67,36.61,283.98,,,,,,
12/1/2017,385.49,36.88,286.06,,,,,,
12/4/2017,383.21,36.66,284.34,,,,,,
12/5/2017,382.6,36.6,283.87,,,,,,
12/6/2017,378.69,36.22,280.96,,,,,,
12/7/2017,376.44,36.01,279.43,,,,,,
12/8/2017,375.05,35.87,278.52,,,,,,
12/11/2017,371.29,35.51,275.83,,,,,,
12/12/2017,368.88,35.28,274.17,,,,,,
12/13/2017,371.91,35.57,276.54,,,,,,
12/14/2017,371.58,35.53,276.28,,,,,,
12/15/2017,371.17,35.49,275.97,,,,,,
12/18/2017,371.39,35.51,276.1,,,,,,
12/19/2017,372.78,35.64,277.13,,,,,,
12/20/2017,375.01,35.85,278.77,,,,,,
12/21/2017,377.28,36.07,280.45,,,,,,
12/22/2017,375.94,35.94,279.44,,,,,,
12/26/2017,377.05,36.04,280.23,,,,,,
12/27/2017,380.16,36.34,282.53,,,,,,
12/28/2017,379.19,36.24,281.79,,,,,,
12/29/2017,379.67,36.29,282.14,,,,,,
1/2/2018,382.9,36.59,284.5,,,,,,
1/3/2018,383.73,36.67,285.1,,,,,,
1/4/2018,383.2,36.62,284.69,,,,,,
1/5/2018,381.56,36.46,283.47,,,,,,
1/8/2018,378.13,36.13,280.88,,,,,,
1/9/2018,379.33,36.24,281.76,,,,,,
1/10/2018,379.39,36.24,281.78,,,,,,
1/11/2018,378.55,36.16,281.19,,,,,,
1/12/2018,375.35,35.85,278.75,,,,,,
1/16/2018,373.66,35.69,277.45,,,,,,
1/17/2018,376.62,35.97,279.64,,,,,,
1/18/2018,376.13,35.92,279.26,,,,,,
1/19/2018,377.01,36,279.91,,,,,,
1/22/2018,377.96,36.09,280.58,,,,,,
1/23/2018,376.22,35.92,279.27,,,,,,
1/24/2018,380.81,36.36,282.67,,,,,,
1/25/2018,381.04,36.38,282.83,,,,,,
1/26/2018,382.33,36.5,283.78,,,,,,
1/29/2018,385.08,36.76,285.78,,,,,,
1/30/2018,387.95,37.03,287.9,,,,,,
1/31/2018,385.3,36.78,285.92,,,,,,
2/1/2018,385.33,36.78,285.94,,,,,,
2/2/2018,384.2,36.67,285.09,,,,,,
2/5/2018,381.96,36.45,283.39,,,,,,
2/6/2018,386.13,36.85,286.47,,,,,,
2/7/2018,389.56,37.17,290.02,,,,,,
2/8/2018,388.16,37.04,289.98,,,,,,
2/9/2018,385.04,36.74,288.56,,,,,,
2/12/2018,390.81,37.28,293.81,,,,,,
2/13/2018,390.68,37.27,294.7,,,,,,
2/14/2018,389.95,37.2,294.13,,,,,,
2/15/2018,392.65,37.46,296.16,,,,,,
2/16/2018,390.73,37.27,294.69,,,,,,
2/20/2018,389.96,37.19,294.06,,,,,,
2/21/2018,390.51,37.24,294.47,,,,,,
2/22/2018,392.22,37.4,295.74,,,,,,
2/23/2018,393.13,37.49,296.41,,,,,,
2/26/2018,396.12,37.77,298.62,,,,,,
2/27/2018,396.55,37.81,298.93,,,,,,
2/28/2018,403.42,38.46,304.1,,,,,,
3/1/2018,410.75,39.16,309.61,,,,,,
3/2/2018,407.11,38.81,306.85,,,,,,
3/5/2018,412.48,39.31,310.86,,,,,,
3/6/2018,410.39,39.11,309.27,,,,,,
3/7/2018,405.69,38.66,305.71,,,,,,
3/8/2018,409.15,38.99,308.31,,,,,,
3/9/2018,403.59,38.46,304.1,,,,,,
3/12/2018,404.04,38.5,304.4,,,,,,
3/13/2018,403.44,38.44,303.93,,,,,,
3/14/2018,402.49,38.35,303.2,,,,,,
3/15/2018,400.05,38.11,301.35,,,,,,
3/16/2018,396.45,37.77,298.62,,,,,,
3/19/2018,387.83,36.94,292.09,,,,,,
3/20/2018,388.43,37,292.53,,,,,,
3/21/2018,388.79,37.03,292.78,,,,,,
3/22/2018,389.89,37.13,293.6,,,,,,
3/23/2018,390.54,37.19,294.08,,,,,,
3/26/2018,387.66,36.91,291.86,,,,,,
3/27/2018,386.51,36.8,290.98,,,,,,
3/28/2018,383.97,36.56,289.05,,,,,,
3/29/2018,392.14,37.33,295.19,,,,,,
4/2/2018,390.93,37.21,294.22,,,,,,
4/3/2018,394.01,37.5,296.53,,,,,,
4/4/2018,388.07,36.93,292.04,,,,,,
4/5/2018,395.72,37.66,297.78,,,,,,
4/6/2018,396.95,37.78,299.78,,,,,,
4/9/2018,402.91,38.34,305.32,,,,,,
4/10/2018,402.3,38.28,305.94,,,,,,
4/11/2018,400.85,38.14,305.94,,,,,,
4/12/2018,400.7,38.12,306.9,,,,,,
4/13/2018,397.82,37.85,304.68,,,,,,
4/16/2018,393.35,37.42,301.21,,,,,,
4/17/2018,392.42,37.33,300.49,,,,,,
4/18/2018,395.07,37.58,302.5,,,,,,
4/19/2018,395.19,37.59,302.58,,,,,,
4/20/2018,390.91,37.18,299.28,,,,,,
4/23/2018,389.08,37,297.84,,,,,,
4/24/2018,391.16,37.19,299.42,,,,,,
4/25/2018,396.38,37.69,303.4,,,,,,
4/26/2018,395.46,37.6,302.68,,,,,,
4/27/2018,400.64,38.09,306.63,,,,,,
4/30/2018,403.28,38.33,308.61,,,,,,
5/1/2018,409.37,38.91,313.24,,,,,,
5/2/2018,407.94,38.77,312.14,,,,,,
5/3/2018,411.88,39.15,315.14,,,,,,
5/4/2018,407.83,38.76,312.02,,,,,,
5/7/2018,400.29,38.04,306.2,,,,,,
5/8/2018,402.07,38.2,307.55,,,,,,
5/9/2018,399.94,38,305.9,,,,,,
5/10/2018,398.78,37.89,305,,,,,,
5/11/2018,394.19,37.45,301.48,,,,,,
5/14/2018,393.17,37.35,300.65,,,,,,
5/15/2018,395.59,37.57,302.48,,,,,,
5/16/2018,394.37,37.46,301.54,,,,,,
5/17/2018,393.54,37.38,300.89,,,,,,
5/18/2018,401.19,38.1,306.72,,,,,,
5/21/2018,403.41,38.3,308.37,,,,,,
5/22/2018,406.92,38.64,311.04,,,,,,
5/23/2018,410.99,39.02,314.13,,,,,,
5/24/2018,409.7,38.9,313.13,,,,,,
5/25/2018,414.2,39.32,316.55,,,,,,
5/29/2018,411.95,39.1,314.76,,,,,,
5/30/2018,406.72,38.6,310.75,,,,,,
5/31/2018,408.36,38.75,311.99,,,,,,
6/1/2018,406.49,38.57,310.54,,,,,,
6/4/2018,395.29,37.51,301.94,,,,,,
6/5/2018,396.02,37.57,302.48,,,,,,
6/6/2018,396.79,37.64,303.05,,,,,,
6/7/2018,395.38,37.51,303.29,,,,,,
6/8/2018,396.65,37.63,305.42,,,,,,
6/11/2018,391.43,37.13,302.47,,,,,,
6/12/2018,398.93,37.83,309.41,,,,,,
6/13/2018,393.98,37.36,306.86,,,,,,
6/14/2018,386.08,36.61,300.69,,,,,,
6/15/2018,381.51,36.18,297.11,,,,,,
6/18/2018,375.99,35.65,292.77,,,,,,
6/19/2018,368.88,34.97,287.22,,,,,,
6/20/2018,371.48,35.22,289.23,,,,,,
6/21/2018,372.8,35.34,290.24,,,,,,
6/22/2018,374.5,35.5,291.55,,,,,,
6/25/2018,367.53,34.83,286.08,,,,,,
6/26/2018,365.96,34.68,284.83,,,,,,
6/27/2018,365.83,34.67,284.72,,,,,,
6/28/2018,362.21,34.32,281.89,,,,,,
6/29/2018,367.16,34.79,285.73,,,,,,
7/2/2018,355.91,33.72,276.93,,,,,,
7/3/2018,358.52,33.96,278.95,,,,,,
7/5/2018,360.64,34.16,280.57,,,,,,
7/6/2018,369.74,35.02,287.62,,,,,,
7/9/2018,365.08,34.57,283.95,,,,,,
7/10/2018,360.99,34.19,280.76,,,,,,
7/11/2018,351.34,33.27,273.23,,,,,,
7/12/2018,356.44,33.75,277.19,,,,,,
7/13/2018,355.57,33.67,276.49,,,,,,
7/16/2018,355.22,33.63,276.18,,,,,,
7/17/2018,358.95,33.98,279.07,,,,,,
7/18/2018,358.2,33.91,278.46,,,,,,
7/19/2018,360.89,34.16,280.54,,,,,,
7/20/2018,365.23,34.57,283.9,,,,,,
7/23/2018,365.33,34.57,283.93,,,,,,
7/24/2018,364.12,34.46,282.98,,,,,,
7/25/2018,373.27,35.32,290.07,,,,,,
7/26/2018,372.38,35.23,289.36,,,,,,
7/27/2018,371.77,35.17,288.88,,,,,,
7/30/2018,377.27,35.69,293.1,,,,,,
7/31/2018,381.32,36.07,296.23,,,,,,
8/1/2018,377.58,35.71,293.31,,,,,,
8/2/2018,378.73,35.82,294.18,,,,,,
8/3/2018,379.75,35.91,294.96,,,,,,
8/6/2018,384.03,36.31,298.23,,,,,,
8/7/2018,383.14,36.23,298.95,,,,,,
8/8/2018,383.47,36.26,300.58,,,,,,
8/9/2018,381.34,36.05,300.29,,,,,,
8/10/2018,369.66,34.95,292.51,,,,,,
8/13/2018,364.99,34.5,290.13,,,,,,
8/14/2018,369.02,34.88,293.32,,,,,,
8/15/2018,364.52,34.45,289.72,,,,,,
8/16/2018,370.41,35.01,294.39,,,,,,
8/17/2018,372.56,35.21,296.08,,,,,,
8/20/2018,368.66,34.83,292.93,,,,,,
8/21/2018,365.59,34.54,290.47,,,,,,
8/22/2018,361.38,34.14,287.11,,,,,,
8/23/2018,357.58,33.78,284.07,,,,,,
8/24/2018,357.97,33.81,284.37,,,,,,
8/27/2018,355.95,33.62,282.72,,,,,,
8/28/2018,352.43,33.28,279.9,,,,,,
8/29/2018,356.33,33.65,282.98,,,,,,
8/30/2018,354.68,33.49,281.66,,,,,,
8/31/2018,360.24,34.02,286.06,,,,,,
9/4/2018,358.77,33.87,284.83,,,,,,
9/5/2018,356.14,33.62,282.73,,,,,,
9/6/2018,354.06,33.42,281.05,,,,,,
9/7/2018,355.05,33.51,281.82,,,,,,
9/10/2018,359.83,33.96,285.94,,,,,,
9/11/2018,356.28,33.62,283.47,,,,,,
9/12/2018,351.91,33.21,280.27,,,,,,
9/13/2018,348.71,32.9,278.05,,,,,,
9/14/2018,350.07,33.03,279.5,,,,,,
9/17/2018,345.89,32.63,276.12,,,,,,
9/18/2018,343,32.35,273.8,,,,,,
9/19/2018,347.57,32.78,277.43,,,,,,
9/20/2018,351.53,33.15,280.57,,,,,,
9/21/2018,352.61,33.25,281.41,,,,,,
9/24/2018,352.55,33.24,281.32,,,,,,
9/25/2018,352.22,33.21,281.03,,,,,,
9/26/2018,350.92,33.08,279.98,,,,,,
9/27/2018,350.71,33.06,279.8,,,,,,
9/28/2018,347.26,32.74,277.03,,,,,,
10/1/2018,351.83,33.16,280.62,,,,,,
10/2/2018,357.24,33.67,284.93,,,,,,
10/3/2018,355.6,33.51,283.6,,,,,,
10/4/2018,356.88,33.63,284.6,,,,,,
10/5/2018,359.59,33.88,286.91,,,,,,
10/8/2018,360.03,33.92,287.37,,,,,,
10/9/2018,359.39,33.86,287.01,,,,,,
10/10/2018,356.61,33.59,284.93,,,,,,
10/11/2018,358.81,33.8,286.84,,,,,,
10/12/2018,364.46,34.33,291.34,,,,,,
10/15/2018,370.55,34.9,296.15,,,,,,
10/16/2018,368.11,34.66,294.18,,,,,,
10/17/2018,368.67,34.71,294.61,,,,,,
10/18/2018,365.22,34.39,291.84,,,,,,
10/19/2018,364.05,34.27,290.88,,,,,,
10/22/2018,363.86,34.25,290.68,,,,,,
10/23/2018,364.01,34.26,290.78,,,,,,
10/24/2018,360.47,33.93,287.93,,,,,,
10/25/2018,356.08,33.51,284.41,,,,,,
10/26/2018,361.39,34.01,288.63,,,,,,
10/29/2018,358.59,33.74,286.33,,,,,,
10/30/2018,355.44,33.44,283.8,,,,,,
10/31/2018,355.15,33.41,283.56,,,,,,
11/1/2018,361.68,34.02,288.75,,,,,,
11/2/2018,364.58,34.29,291.04,,,,,,
11/5/2018,364.02,34.23,290.54,,,,,,
11/6/2018,363.06,34.14,289.76,,,,,,
11/7/2018,363.08,34.14,290.93,,,,,,
11/8/2018,362.11,34.05,291.31,,,,,,
11/9/2018,359.14,33.77,290.05,,,,,,
11/12/2018,360.98,33.93,292.54,,,,,,
11/13/2018,356.47,33.51,290.01,,,,,,
11/14/2018,356.64,33.52,290.12,,,,,,
11/15/2018,357.1,33.56,290.48,,,,,,
11/16/2018,357.46,33.59,290.75,,,,,,
11/19/2018,354.04,33.27,287.92,,,,,,
11/20/2018,353.02,33.17,287.07,,,,,,
11/21/2018,353.8,33.24,287.68,,,,,,
11/23/2018,351.02,32.97,285.39,,,,,,
11/26/2018,350.72,32.94,285.09,,,,,,
11/27/2018,350.27,32.89,284.7,,,,,,
11/28/2018,355.64,33.4,289.05,,,,,,
11/29/2018,354.84,33.32,288.38,,,,,,
11/30/2018,357.6,33.58,290.61,,,,,,
12/3/2018,361.4,33.93,293.63,,,,,,
12/4/2018,362.04,33.98,294.13,,,,,,
12/5/2018,361.18,33.9,293.41,,,,,,
12/6/2018,358.97,33.69,291.6,,,,,,
12/7/2018,364.48,34.21,296.2,,,,,,
12/10/2018,362.24,33.99,294.48,,,,,,
12/11/2018,361.67,33.93,294.15,,,,,,
12/12/2018,363.26,34.08,295.59,,,,,,
12/13/2018,364.05,34.15,296.37,,,,,,
12/14/2018,362.3,33.99,294.93,,,,,,
12/17/2018,362.16,33.97,294.76,,,,,,
12/18/2018,361.43,33.9,294.15,,,,,,
12/19/2018,358.34,33.6,291.61,,,,,,
12/20/2018,355.54,33.34,289.32,,,,,,
12/21/2018,352.72,33.07,287,,,,,,
12/24/2018,353.25,33.12,287.38,,,,,,
12/26/2018,350.8,32.88,285.34,,,,,,
12/27/2018,349.67,32.77,284.4,,,,,,
12/28/2018,351.56,32.95,285.92,,,,,,
12/31/2018,349.12,32.71,283.88,,,,,,
1/2/2019,349.66,32.76,284.28,,,,,,
1/3/2019,352.45,33.02,286.53,,,,,,
1/4/2019,355.76,33.33,289.2,,,,,,
1/7/2019,358.06,33.53,291.01,,,,,,
1/8/2019,357.35,33.47,290.42,,,,,,
1/9/2019,359.52,33.67,292.16,,,,,,
1/10/2019,354.73,33.22,288.24,,,,,,
1/11/2019,356.7,33.4,289.82,,,,,,
1/14/2019,355.25,33.26,288.58,,,,,,
1/15/2019,352.34,32.98,286.19,,,,,,
1/16/2019,354.13,33.15,287.62,,,,,,
1/17/2019,357.57,33.47,290.4,,,,,,
1/18/2019,359.43,33.64,291.89,,,,,,
1/22/2019,357.87,33.48,290.55,,,,,,
1/23/2019,359.46,33.63,291.81,,,,,,
1/24/2019,358.45,33.53,290.98,,,,,,
1/25/2019,358.77,33.56,291.22,,,,,,
1/28/2019,358.59,33.54,291.02,,,,,,
1/29/2019,356.24,33.31,289.09,,,,,,
1/30/2019,357.54,33.43,290.12,,,,,,
1/31/2019,356.69,33.35,289.41,,,,,,
2/1/2019,357.98,33.47,290.44,,,,,,
2/4/2019,359.47,33.6,291.59,,,,,,
2/5/2019,360.33,33.68,292.27,,,,,,
2/6/2019,360.52,33.7,292.41,,,,,,
2/7/2019,355.41,33.22,289.06,,,,,,
2/8/2019,354.83,33.16,289.34,,,,,,
2/11/2019,352.56,32.94,288.16,,,,,,
2/12/2019,355.34,33.2,291.12,,,,,,
2/13/2019,355.86,33.25,292.32,,,,,,
2/14/2019,350.69,32.76,288.06,,,,,,
2/15/2019,352.16,32.9,289.24,,,,,,
2/19/2019,348.29,32.53,285.99,,,,,,
2/20/2019,347.58,32.46,285.39,,,,,,
2/21/2019,350.54,32.73,287.8,,,,,,
2/22/2019,350.83,32.76,288.02,,,,,,
2/25/2019,345.48,32.25,283.57,,,,,,
2/26/2019,341.69,31.89,280.44,,,,,,
2/27/2019,341.84,31.91,280.54,,,,,,
2/28/2019,338.93,31.63,278.14,,,,,,
3/1/2019,339.49,31.68,278.58,,,,,,
3/4/2019,338.45,31.58,277.67,,,,,,
3/5/2019,341.13,31.83,279.85,,,,,,
3/6/2019,336.23,31.37,275.81,,,,,,
3/7/2019,331.2,30.9,271.67,,,,,,
3/8/2019,331.33,30.91,271.76,,,,,,
3/11/2019,328.35,30.62,269.25,,,,,,
3/12/2019,335.05,31.24,274.73,,,,,,
3/13/2019,335.14,31.25,274.79,,,,,,
3/14/2019,336.2,31.35,275.64,,,,,,
3/15/2019,340.28,31.73,278.96,,,,,,
3/18/2019,339.18,31.62,278,,,,,,
3/19/2019,338.91,31.59,277.76,,,,,,
3/20/2019,340.07,31.7,278.7,,,,,,
3/21/2019,342.11,31.88,280.35,,,,,,
3/22/2019,341.91,31.86,280.17,,,,,,
3/25/2019,343.74,32.03,281.61,,,,,,
3/26/2019,342.88,31.95,280.89,,,,,,
3/27/2019,340.49,31.72,278.91,,,,,,
3/28/2019,339.23,31.6,277.86,,,,,,
3/29/2019,333.56,31.07,273.2,,,,,,
4/1/2019,336.91,31.38,275.89,,,,,,
4/2/2019,337.26,31.41,276.16,,,,,,
4/3/2019,338.49,31.52,277.14,,,,,,
4/4/2019,340.91,31.74,279.11,,,,,,
4/5/2019,338.99,31.56,278.29,,,,,,
4/8/2019,337.83,31.45,278.06,,,,,,
4/9/2019,337.36,31.4,278.48,,,,,,
4/10/2019,337.98,31.46,279.85,,,,,,
4/11/2019,336.32,31.3,279.36,,,,,,
4/12/2019,337.98,31.45,280.72,,,,,,
4/15/2019,336.78,31.33,279.66,,,,,,
4/16/2019,332.47,30.93,276.06,,,,,,
4/17/2019,331.55,30.84,275.29,,,,,,
4/18/2019,332.77,30.96,276.28,,,,,,
4/22/2019,329.74,30.67,273.69,,,,,,
4/23/2019,328.37,30.54,272.53,,,,,,
4/24/2019,324.81,30.2,269.56,,,,,,
4/25/2019,326.02,30.31,270.55,,,,,,
4/26/2019,326.52,30.36,270.94,,,,,,
4/29/2019,323.53,30.07,268.41,,,,,,
4/30/2019,322.2,29.95,267.29,,,,,,
5/1/2019,324.14,30.13,268.88,,,,,,
5/2/2019,325.2,30.22,269.74,,,,,,
5/3/2019,323.62,30.07,268.41,,,,,,
5/6/2019,319.65,29.7,265.06,,,,,,
5/7/2019,320.28,29.76,265.57,,,,,,
5/8/2019,318.27,29.57,263.89,,,,,,
5/9/2019,312.64,29.04,259.2,,,,,,
5/10/2019,309.84,28.78,256.87,,,,,,
5/13/2019,311.72,28.95,258.37,,,,,,
5/14/2019,320.31,29.75,265.48,,,,,,
5/15/2019,320.23,29.74,265.39,,,,,,
5/16/2019,326.52,30.32,270.59,,,,,,
5/17/2019,324.92,30.17,269.24,,,,,,
5/20/2019,330.97,30.72,274.2,,,,,,
5/21/2019,332.71,30.88,275.63,,,,,,
5/22/2019,331.28,30.75,274.42,,,,,,
5/23/2019,329.24,30.56,272.72,,,,,,
5/24/2019,337.93,31.36,279.89,,,,,,
5/28/2019,348.27,32.31,288.39,,,,,,
5/29/2019,347.39,32.23,287.63,,,,,,
5/30/2019,358.1,33.22,296.48,,,,,,
5/31/2019,353.6,32.8,292.74,,,,,,
6/3/2019,356.47,33.06,295.06,,,,,,
6/4/2019,355.07,32.93,293.88,,,,,,
6/5/2019,346.55,32.14,286.81,,,,,,
6/6/2019,352.34,32.67,291.58,,,,,,
6/7/2019,347.88,32.26,288.99,,,,,,
6/10/2019,348.46,32.3,290.44,,,,,,
6/11/2019,353.33,32.75,295.5,,,,,,
6/12/2019,357.6,33.15,300.08,,,,,,
6/13/2019,362.4,33.59,304.96,,,,,,
6/14/2019,366.06,33.93,308.03,,,,,,
6/17/2019,368.22,34.12,309.79,,,,,,
6/18/2019,365.18,33.84,307.21,,,,,,
6/19/2019,360.42,33.39,303.19,,,,,,
6/20/2019,364.06,33.73,306.23,,,,,,
6/21/2019,360.05,33.35,302.84,,,,,,
6/24/2019,364.13,33.73,306.21,,,,,,
6/25/2019,364.55,33.76,306.55,,,,,,
6/26/2019,363.48,33.66,305.64,,,,,,
6/27/2019,363.25,33.64,305.42,,,,,,
6/28/2019,354.74,32.85,298.25,,,,,,
7/1/2019,348.91,32.3,293.3,,,,,,
7/2/2019,346.82,32.11,291.52,,,,,,
7/3/2019,355.18,32.88,298.53,,,,,,
7/5/2019,354.03,32.77,297.53,,,,,,
7/8/2019,353.27,32.69,296.84,,,,,,
7/9/2019,349.52,32.34,293.67,,,,,,
7/10/2019,351.57,32.53,295.37,,,,,,
7/11/2019,357.08,33.04,299.98,,,,,,
7/12/2019,360.92,33.39,303.19,,,,,,
7/15/2019,353.77,32.73,297.13,,,,,,
7/16/2019,349.92,32.37,293.88,,,,,,
7/17/2019,348.72,32.25,292.85,,,,,,
7/18/2019,342.8,31.71,287.86,,,,,,
7/19/2019,348.06,32.19,292.26,,,,,,
7/22/2019,342.27,31.65,287.35,,,,,,
7/23/2019,343.84,31.79,288.65,,,,,,
7/24/2019,345.8,31.97,290.29,,,,,,
7/25/2019,343.51,31.76,288.35,,,,,,
7/26/2019,341.74,31.59,286.84,,,,,,
7/29/2019,344.09,31.8,288.76,,,,,,
7/30/2019,340.7,31.49,285.91,,,,,,
7/31/2019,335.08,30.97,281.17,,,,,,
8/1/2019,328.86,30.39,275.94,,,,,,
8/2/2019,331.84,30.67,278.42,,,,,,
8/5/2019,332.92,30.76,279.28,,,,,,
8/6/2019,330.42,30.53,277.17,,,,,,
8/7/2019,330.61,30.54,277.96,,,,,,
8/8/2019,334.86,30.93,282.13,,,,,,
8/9/2019,336.24,31.06,283.91,,,,,,
8/12/2019,322.54,29.79,272.64,,,,,,
8/13/2019,319.28,29.49,271.15,,,,,,
8/14/2019,316.72,29.25,268.96,,,,,,
8/15/2019,316.18,29.2,268.49,,,,,,
8/16/2019,320.04,29.55,271.75,,,,,,
8/19/2019,315.72,29.15,268.04,,,,,,
8/20/2019,313.22,28.92,265.9,,,,,,
8/21/2019,314.56,29.04,267.02,,,,,,
8/22/2019,315.41,29.11,267.74,,,,,,
8/23/2019,313.77,28.96,266.33,,,,,,
8/26/2019,314.2,29,266.65,,,,,,
8/27/2019,312.97,28.88,265.59,,,,,,
8/28/2019,315.19,29.08,267.46,,,,,,
8/29/2019,314.19,28.99,266.6,,,,,,
8/30/2019,312.39,28.82,265.06,,,,,,
9/3/2019,307.83,28.4,261.13,,,,,,
9/4/2019,308.61,28.47,261.78,,,,,,
9/5/2019,308.9,28.49,262.01,,,,,,
9/6/2019,307.68,28.38,260.96,,,,,,
9/9/2019,309.17,28.51,262.62,,,,,,
9/10/2019,313.86,28.94,267.04,,,,,,
9/11/2019,312.35,28.8,266.22,,,,,,
9/12/2019,318.51,29.37,271.94,,,,,,
9/13/2019,319.18,29.43,272.96,,,,,,
9/16/2019,323.15,29.79,276.31,,,,,,
9/17/2019,318.85,29.39,272.62,,,,,,
9/18/2019,320.02,29.5,273.61,,,,,,
9/19/2019,320.22,29.51,273.77,,,,,,
9/20/2019,318.68,29.37,272.44,,,,,,
9/23/2019,320.41,29.53,273.87,,,,,,
9/24/2019,321.01,29.58,274.37,,,,,,
9/25/2019,320.92,29.57,274.28,,,,,,
9/26/2019,321.47,29.62,274.73,,,,,,
9/27/2019,321.38,29.61,274.64,,,,,,
9/30/2019,328.79,30.29,280.93,,,,,,
10/1/2019,331.87,30.57,283.55,,,,,,
10/2/2019,328.85,30.29,280.95,,,,,,
10/3/2019,328.97,30.3,281.04,,,,,,
10/4/2019,327.93,30.2,280.13,,,,,,
10/7/2019,327.25,30.13,279.68,,,,,,
10/8/2019,331.3,30.51,283.32,,,,,,
10/9/2019,331.31,30.5,283.48,,,,,,
10/10/2019,325.84,30,278.96,,,,,,
10/11/2019,335.22,30.86,287.15,,,,,,
10/14/2019,335.91,30.92,287.71,,,,,,
10/15/2019,334.41,30.78,286.41,,,,,,
10/16/2019,334.2,30.76,286.22,,,,,,
10/17/2019,336.81,31,288.44,,,,,,
10/18/2019,337.64,31.07,289.13,,,,,,
10/21/2019,334.8,30.81,286.66,,,,,,
10/22/2019,334.26,30.76,286.19,,,,,,
10/23/2019,334.57,30.78,286.44,,,,,,
10/24/2019,333.56,30.69,285.56,,,,,,
10/25/2019,333.61,30.69,285.59,,,,,,
10/28/2019,332.63,30.6,284.71,,,,,,
10/29/2019,332.47,30.58,284.57,,,,,,
10/30/2019,333.64,30.69,285.56,,,,,,
10/31/2019,333.49,30.67,285.41,,,,,,
11/1/2019,335.3,30.84,286.94,,,,,,
11/4/2019,332.75,30.6,284.72,,,,,,
11/5/2019,333.95,30.71,285.74,,,,,,
11/6/2019,332.58,30.58,284.56,,,,,,
11/7/2019,331.57,30.49,284.44,,,,,,
11/8/2019,332.14,30.54,285.69,,,,,,
11/11/2019,329.04,30.25,283.74,,,,,,
11/12/2019,332.93,30.61,287.81,,,,,,
11/13/2019,331.42,30.47,287.25,,,,,,
11/14/2019,331.26,30.45,287.1,,,,,,
11/15/2019,329.28,30.27,285.37,,,,,,
11/18/2019,328.17,30.16,284.38,,,,,,
11/19/2019,329.17,30.25,285.23,,,,,,
11/20/2019,328.63,30.2,284.75,,,,,,
11/21/2019,328.01,30.14,284.2,,,,,,
11/22/2019,329.44,30.27,285.43,,,,,,
11/25/2019,332.86,30.58,288.35,,,,,,
11/26/2019,331.07,30.42,286.79,,,,,,
11/27/2019,328.9,30.22,284.89,,,,,,
11/29/2019,333.2,30.61,288.6,,,,,,
12/2/2019,331.39,30.44,286.99,,,,,,
12/3/2019,330.15,30.32,285.91,,,,,,
12/4/2019,330.81,30.38,286.46,,,,,,
12/5/2019,330.63,30.37,286.3,,,,,,
12/6/2019,331.79,30.47,287.46,,,,,,
12/9/2019,332.38,30.52,288.11,,,,,,
12/10/2019,334.39,30.7,290.02,,,,,,
12/11/2019,331.87,30.47,288,,,,,,
,,,,,,,,,
,,,,,,,,,
,,,,,,,,,
"Source: S&P Dow Jones Indices LLC.

The launch date of the S&P GSCI Agriculture was May 1, 1991.

All information presented prior to the index launch date is back-tested. Back-tested performance is not actual performance, but is hypothetical. The back-test calculations are based on the same methodology that was in effect when the index was officially launched. Past performance is not an indication or guarantee of future results.  Please see the Performance Disclosure at http://www.spindices.com/regulatory-affairs-disclaimers/ for more information regarding the inherent limitations associated with back-tested performance.

Copyright  2019 S&P Dow Jones Indices LLC. All rights reserved. Redistribution or reproduction in whole or in part are prohibited without written permission. STANDARD & POORS and S&P are registered trademarks of Standard & Poors Financial Services LLC (S&P); DOW JONES is a registered trademark of Dow Jones Trademark Holdings LLC (Dow Jones); and these trademarks have been licensed for use by S&P Dow Jones Indices LLC. S&P Dow Jones Indices LLC, Dow Jones, S&P and their respective affiliates (S&P Dow Jones Indices) and third party licensors makes no representation or warranty, express or implied, as to the ability of any index to accurately represent the asset class or market sector that it purports to represent and S&P Dow Jones Indices and its third party licensors shall have no liability for any errors, omissions, or interruptions of any index or the data included therein. Past performance of an index is not an indication or guarantee of future results. This document does not constitute an offer of any services. Except for certain custom index calculation services, all information provided by S&P Dow Jones Indices is general in nature and not tailored to the needs of any person, entity or group of persons. S&P Dow Jones Indices receives compensation in connection with licensing its indices to third parties and providing custom calculation services. It is not possible to invest directly in an index. Exposure to an asset class represented by an index may be available through investable instruments offered by third parties that are based on that index. S&P Dow Jones Indices does not sponsor, endorse, sell, promote or manage any investment fund or other investment product or vehicle that seeks to provide an investment return based on the performance of any Index. S&P Dow Jones Indices LLC is not an investment or tax advisor. S&P Dow Jones Indices makes no representation regarding the advisability of investing in any such investment fund or other investment product or vehicle. A tax advisor should be consulted to evaluate the impact of any tax-exempt securities on portfolios and the tax consequences of making any particular investment decision. Credit-related information and other analyses, including ratings, are generally provided by licensors and/or affiliates of S&P Dow Jones Indices. Any credit-related information and other related analyses and statements are opinions as of the date they are expressed and are not statements of fact. S&P Dow Jones Indices LLC is analytically separate and independent from any other analytical department. For more information on any of our indices please visit www.spdji.com.",,,,,,,,,
,,,,,,,,,
,,,,,,,,,
,,,,,,,,,
,,,,,,,,,
,,,,,,,,,
,,,,,,,,,
,,,,,,,,,
,,,,,,,,,
,,,,,,,,,
,,,,,,,,,
,,,,,,,,,
,,,,,,,,,
,,,,,,,,,
,,,,,,,,,
,,,,,,,,,
,,,,,,,,,
,,,,,,,,,
,,,,,,,,,
,,,,,,,,,
,,,,,,,,,
,,,,,,,,,
,,,,,,,,,
,,,,,,,,,
,,,,,,,,,
,,,,,,,,,
,,,,,,,,,
,,,,,,,,,
,,,,,,,,,
,,,,,,,,,
,,,,,,,,,
,,,,,,,,,
,,,,,,,,,
,,,,,,,,,
,,,,,,,,,
,,,,,,,,,
,,,,,,,,,
,,,,,,,,,
,,,,,,,,,
,,,,,,,,,
,,,,,,,,,
,,,,,,,,,
,,,,,,,,,
,,,,,,,,,
,,,,,,,,,
,,,,,,,,,
,,,,,,,,,
,,,,,,,,,
,,,,,,,,,
,,,,,,,,,
